state,Postal Code,Year,population
Alaska,AK,1950,0.135
Alaska,AK,1951,0.158
Alaska,AK,1952,0.189
Alaska,AK,1953,0.205
Alaska,AK,1954,0.215
Alaska,AK,1955,0.222
Alaska,AK,1956,0.224
Alaska,AK,1957,0.231
Alaska,AK,1958,0.224
Alaska,AK,1959,0.224
Alaska,AK,1960,0.229
Alaska,AK,1961,0.238
Alaska,AK,1962,0.246
Alaska,AK,1963,0.256
Alaska,AK,1964,0.263
Alaska,AK,1965,0.271
Alaska,AK,1966,0.271
Alaska,AK,1967,0.278
Alaska,AK,1968,0.285
Alaska,AK,1969,0.296
Alaska,AK,1970,0.302583
Alaska,AK,1971,0.31551
Alaska,AK,1972,0.324464
Alaska,AK,1973,0.330543
Alaska,AK,1974,0.341063
Alaska,AK,1975,0.37617
Alaska,AK,1976,0.400969
Alaska,AK,1977,0.403436
Alaska,AK,1978,0.404766
Alaska,AK,1979,0.402753
Alaska,AK,1980,0.405315
Alaska,AK,1981,0.418491
Alaska,AK,1982,0.449606
Alaska,AK,1983,0.488417
Alaska,AK,1984,0.513702
Alaska,AK,1985,0.532495
Alaska,AK,1986,0.544268
Alaska,AK,1987,0.539309
Alaska,AK,1988,0.541983
Alaska,AK,1989,0.547159
Alaska,AK,1990,0.55312
Alaska,AK,1991,0.569273
Alaska,AK,1992,0.587073
Alaska,AK,1993,0.596993
Alaska,AK,1994,0.600624
Alaska,AK,1995,0.601345
Alaska,AK,1996,0.604918
Alaska,AK,1997,0.608846
Alaska,AK,1998,0.615205
Alaska,AK,1999,0.6195
Alaska,AK,2000,0.627963
Alaska,AK,2001,0.633714
Alaska,AK,2002,0.642337
Alaska,AK,2003,0.648414
Alaska,AK,2004,0.659286
Alaska,AK,2005,0.666946
Alaska,AK,2006,0.675302
Alaska,AK,2007,0.6803
Alaska,AK,2008,0.687455
Alaska,AK,2009,0.698895
Alaska,AK,2010,0.714015
Alaska,AK,2011,0.722259
Alaska,AK,2012,0.730825
Alaska,AK,2013,0.73676
Alaska,AK,2014,0.736759
Alaska,AK,2015,0.737979
Alaska,AK,2016,0.741522
Alaska,AK,2017,0.739795
Alabama,Ala.,1950,3.058
Alabama,Ala.,1951,3.059
Alabama,Ala.,1952,3.068
Alabama,Ala.,1953,3.053
Alabama,Ala.,1954,3.014
Alabama,Ala.,1955,3.05
Alabama,Ala.,1956,3.071
Alabama,Ala.,1957,3.109
Alabama,Ala.,1958,3.163
Alabama,Ala.,1959,3.204
Alabama,Ala.,1960,3.274
Alabama,Ala.,1961,3.316
Alabama,Ala.,1962,3.323
Alabama,Ala.,1963,3.358
Alabama,Ala.,1964,3.395
Alabama,Ala.,1965,3.443
Alabama,Ala.,1966,3.464
Alabama,Ala.,1967,3.458
Alabama,Ala.,1968,3.446
Alabama,Ala.,1969,3.44
Alabama,Ala.,1970,3.444354
Alabama,Ala.,1971,3.497076
Alabama,Ala.,1972,3.5394
Alabama,Ala.,1973,3.57978
Alabama,Ala.,1974,3.626499
Alabama,Ala.,1975,3.678814
Alabama,Ala.,1976,3.735139
Alabama,Ala.,1977,3.780403
Alabama,Ala.,1978,3.831836
Alabama,Ala.,1979,3.866248
Alabama,Ala.,1980,3.900368
Alabama,Ala.,1981,3.918531
Alabama,Ala.,1982,3.925266
Alabama,Ala.,1983,3.934102
Alabama,Ala.,1984,3.95182
Alabama,Ala.,1985,3.972523
Alabama,Ala.,1986,3.991569
Alabama,Ala.,1987,4.015264
Alabama,Ala.,1988,4.023844
Alabama,Ala.,1989,4.030222
Alabama,Ala.,1990,4.048508
Alabama,Ala.,1991,4.091025
Alabama,Ala.,1992,4.139269
Alabama,Ala.,1993,4.193114
Alabama,Ala.,1994,4.232965
Alabama,Ala.,1995,4.262731
Alabama,Ala.,1996,4.290403
Alabama,Ala.,1997,4.320281
Alabama,Ala.,1998,4.351037
Alabama,Ala.,1999,4.369862
Alabama,Ala.,2000,4.452173
Alabama,Ala.,2001,4.467634
Alabama,Ala.,2002,4.480089
Alabama,Ala.,2003,4.503491
Alabama,Ala.,2004,4.530729
Alabama,Ala.,2005,4.569805
Alabama,Ala.,2006,4.628981
Alabama,Ala.,2007,4.67284
Alabama,Ala.,2008,4.718206
Alabama,Ala.,2009,4.757938
Alabama,Ala.,2010,4.785579
Alabama,Ala.,2011,4.798649
Alabama,Ala.,2012,4.813946
Alabama,Ala.,2013,4.82766
Alabama,Ala.,2014,4.840037
Alabama,Ala.,2015,4.850858
Alabama,Ala.,2016,4.860545
Alabama,Ala.,2017,4.874747
Arizona,AZ,1950,0.756
Arizona,AZ,1951,0.785
Arizona,AZ,1952,0.842
Arizona,AZ,1953,0.894
Arizona,AZ,1954,0.933
Arizona,AZ,1955,0.987
Arizona,AZ,1956,1.053
Arizona,AZ,1957,1.125
Arizona,AZ,1958,1.193
Arizona,AZ,1959,1.261
Arizona,AZ,1960,1.321
Arizona,AZ,1961,1.407
Arizona,AZ,1962,1.471
Arizona,AZ,1963,1.521
Arizona,AZ,1964,1.556
Arizona,AZ,1965,1.584
Arizona,AZ,1966,1.614
Arizona,AZ,1967,1.646
Arizona,AZ,1968,1.682
Arizona,AZ,1969,1.737
Arizona,AZ,1970,1.775399
Arizona,AZ,1971,1.895814
Arizona,AZ,1972,2.008291
Arizona,AZ,1973,2.124438
Arizona,AZ,1974,2.223196
Arizona,AZ,1975,2.284847
Arizona,AZ,1976,2.346157
Arizona,AZ,1977,2.425197
Arizona,AZ,1978,2.515316
Arizona,AZ,1979,2.635571
Arizona,AZ,1980,2.737774
Arizona,AZ,1981,2.810107
Arizona,AZ,1982,2.889861
Arizona,AZ,1983,2.968925
Arizona,AZ,1984,3.067135
Arizona,AZ,1985,3.183538
Arizona,AZ,1986,3.308262
Arizona,AZ,1987,3.437103
Arizona,AZ,1988,3.535183
Arizona,AZ,1989,3.622185
Arizona,AZ,1990,3.679056
Arizona,AZ,1991,3.762394
Arizona,AZ,1992,3.867333
Arizona,AZ,1993,3.99339
Arizona,AZ,1994,4.147561
Arizona,AZ,1995,4.306908
Arizona,AZ,1996,4.432308
Arizona,AZ,1997,4.552207
Arizona,AZ,1998,4.667277
Arizona,AZ,1999,4.778332
Arizona,AZ,2000,5.160586
Arizona,AZ,2001,5.273477
Arizona,AZ,2002,5.396255
Arizona,AZ,2003,5.510364
Arizona,AZ,2004,5.652404
Arizona,AZ,2005,5.839077
Arizona,AZ,2006,6.029141
Arizona,AZ,2007,6.167681
Arizona,AZ,2008,6.280362
Arizona,AZ,2009,6.343154
Arizona,AZ,2010,6.407002
Arizona,AZ,2011,6.465488
Arizona,AZ,2012,6.544211
Arizona,AZ,2013,6.616124
Arizona,AZ,2014,6.706435
Arizona,AZ,2015,6.802262
Arizona,AZ,2016,6.908642
Arizona,AZ,2017,7.01627
Arkansas,AR,1950,1.908
Arkansas,AR,1951,1.901
Arkansas,AR,1952,1.838
Arkansas,AR,1953,1.78
Arkansas,AR,1954,1.734
Arkansas,AR,1955,1.725
Arkansas,AR,1956,1.704
Arkansas,AR,1957,1.733
Arkansas,AR,1958,1.726
Arkansas,AR,1959,1.756
Arkansas,AR,1960,1.789
Arkansas,AR,1961,1.806
Arkansas,AR,1962,1.853
Arkansas,AR,1963,1.875
Arkansas,AR,1964,1.897
Arkansas,AR,1965,1.894
Arkansas,AR,1966,1.899
Arkansas,AR,1967,1.901
Arkansas,AR,1968,1.902
Arkansas,AR,1969,1.913
Arkansas,AR,1970,1.923322
Arkansas,AR,1971,1.972312
Arkansas,AR,1972,2.018638
Arkansas,AR,1973,2.059256
Arkansas,AR,1974,2.101403
Arkansas,AR,1975,2.159526
Arkansas,AR,1976,2.170161
Arkansas,AR,1977,2.20901
Arkansas,AR,1978,2.243127
Arkansas,AR,1979,2.271333
Arkansas,AR,1980,2.288738
Arkansas,AR,1981,2.293201
Arkansas,AR,1982,2.294257
Arkansas,AR,1983,2.305761
Arkansas,AR,1984,2.319768
Arkansas,AR,1985,2.327046
Arkansas,AR,1986,2.331984
Arkansas,AR,1987,2.342355
Arkansas,AR,1988,2.342656
Arkansas,AR,1989,2.346358
Arkansas,AR,1990,2.354343
Arkansas,AR,1991,2.370666
Arkansas,AR,1992,2.394098
Arkansas,AR,1993,2.423743
Arkansas,AR,1994,2.450605
Arkansas,AR,1995,2.480121
Arkansas,AR,1996,2.504858
Arkansas,AR,1997,2.524007
Arkansas,AR,1998,2.538202
Arkansas,AR,1999,2.551373
Arkansas,AR,2000,2.678588
Arkansas,AR,2001,2.691571
Arkansas,AR,2002,2.705927
Arkansas,AR,2003,2.724816
Arkansas,AR,2004,2.749686
Arkansas,AR,2005,2.781097
Arkansas,AR,2006,2.821761
Arkansas,AR,2007,2.84865
Arkansas,AR,2008,2.874554
Arkansas,AR,2009,2.896843
Arkansas,AR,2010,2.921737
Arkansas,AR,2011,2.93864
Arkansas,AR,2012,2.949208
Arkansas,AR,2013,2.95678
Arkansas,AR,2014,2.9648
Arkansas,AR,2015,2.975626
Arkansas,AR,2016,2.988231
Arkansas,AR,2017,3.004279
California,CA,1950,10.677
California,CA,1951,11.134
California,CA,1952,11.635
California,CA,1953,12.251
California,CA,1954,12.746
California,CA,1955,13.133
California,CA,1956,13.713
California,CA,1957,14.264
California,CA,1958,14.88
California,CA,1959,15.467
California,CA,1960,15.87
California,CA,1961,16.497
California,CA,1962,17.072
California,CA,1963,17.668
California,CA,1964,18.151
California,CA,1965,18.585
California,CA,1966,18.858
California,CA,1967,19.176
California,CA,1968,19.394
California,CA,1969,19.711
California,CA,1970,19.971069
California,CA,1971,20.345939
California,CA,1972,20.585469
California,CA,1973,20.868728
California,CA,1974,21.173865
California,CA,1975,21.537849
California,CA,1976,21.935909
California,CA,1977,22.352396
California,CA,1978,22.835958
California,CA,1979,23.25688
California,CA,1980,23.8008
California,CA,1981,24.285933
California,CA,1982,24.820009
California,CA,1983,25.360026
California,CA,1984,25.844393
California,CA,1985,26.441109
California,CA,1986,27.102237
California,CA,1987,27.777158
California,CA,1988,28.464249
California,CA,1989,29.218164
California,CA,1990,29.950111
California,CA,1991,30.414114
California,CA,1992,30.87592
California,CA,1993,31.147208
California,CA,1994,31.317179
California,CA,1995,31.493525
California,CA,1996,31.780829
California,CA,1997,32.217708
California,CA,1998,32.682794
California,CA,1999,33.145121
California,CA,2000,33.987977
California,CA,2001,34.479458
California,CA,2002,34.871843
California,CA,2003,35.253159
California,CA,2004,35.574576
California,CA,2005,35.827943
California,CA,2006,36.021202
California,CA,2007,36.250311
California,CA,2008,36.604337
California,CA,2009,36.961229
California,CA,2010,37.32769
California,CA,2011,37.672654
California,CA,2012,38.019006
California,CA,2013,38.347383
California,CA,2014,38.701278
California,CA,2015,39.032444
California,CA,2016,39.296476
California,CA,2017,39.536653
Colorado,CO,1950,1.325
Colorado,CO,1951,1.326
Colorado,CO,1952,1.365
Colorado,CO,1953,1.431
Colorado,CO,1954,1.493
Colorado,CO,1955,1.546
Colorado,CO,1956,1.625
Colorado,CO,1957,1.664
Colorado,CO,1958,1.667
Colorado,CO,1959,1.71
Colorado,CO,1960,1.769
Colorado,CO,1961,1.844
Colorado,CO,1962,1.899
Colorado,CO,1963,1.936
Colorado,CO,1964,1.97
Colorado,CO,1965,1.985
Colorado,CO,1966,2.007
Colorado,CO,1967,2.053
Colorado,CO,1968,2.12
Colorado,CO,1969,2.166
Colorado,CO,1970,2.209596
Colorado,CO,1971,2.303524
Colorado,CO,1972,2.404619
Colorado,CO,1973,2.495868
Colorado,CO,1974,2.541406
Colorado,CO,1975,2.586192
Colorado,CO,1976,2.632306
Colorado,CO,1977,2.69614
Colorado,CO,1978,2.766748
Colorado,CO,1979,2.849234
Colorado,CO,1980,2.908803
Colorado,CO,1981,2.977898
Colorado,CO,1982,3.061564
Colorado,CO,1983,3.13363
Colorado,CO,1984,3.169992
Colorado,CO,1985,3.208723
Colorado,CO,1986,3.23745
Colorado,CO,1987,3.26048
Colorado,CO,1988,3.262281
Colorado,CO,1989,3.275818
Colorado,CO,1990,3.303862
Colorado,CO,1991,3.367567
Colorado,CO,1992,3.459995
Colorado,CO,1993,3.560884
Colorado,CO,1994,3.65391
Colorado,CO,1995,3.738061
Colorado,CO,1996,3.812716
Colorado,CO,1997,3.891293
Colorado,CO,1998,3.968967
Colorado,CO,1999,4.056133
Colorado,CO,2000,4.326921
Colorado,CO,2001,4.425687
Colorado,CO,2002,4.490406
Colorado,CO,2003,4.528732
Colorado,CO,2004,4.575013
Colorado,CO,2005,4.631888
Colorado,CO,2006,4.720423
Colorado,CO,2007,4.803868
Colorado,CO,2008,4.88973
Colorado,CO,2009,4.972195
Colorado,CO,2010,5.048029
Colorado,CO,2011,5.116411
Colorado,CO,2012,5.18633
Colorado,CO,2013,5.262556
Colorado,CO,2014,5.342311
Colorado,CO,2015,5.440445
Colorado,CO,2016,5.530105
Colorado,CO,2017,5.607154
Connecticut,CT,1950,2.016
Connecticut,CT,1951,2.028
Connecticut,CT,1952,2.081
Connecticut,CT,1953,2.168
Connecticut,CT,1954,2.249
Connecticut,CT,1955,2.3
Connecticut,CT,1956,2.316
Connecticut,CT,1957,2.359
Connecticut,CT,1958,2.446
Connecticut,CT,1959,2.523
Connecticut,CT,1960,2.544
Connecticut,CT,1961,2.586
Connecticut,CT,1962,2.647
Connecticut,CT,1963,2.727
Connecticut,CT,1964,2.798
Connecticut,CT,1965,2.857
Connecticut,CT,1966,2.903
Connecticut,CT,1967,2.935
Connecticut,CT,1968,2.964
Connecticut,CT,1969,3
Connecticut,CT,1970,3.032217
Connecticut,CT,1971,3.060938
Connecticut,CT,1972,3.068699
Connecticut,CT,1973,3.067814
Connecticut,CT,1974,3.074047
Connecticut,CT,1975,3.0825
Connecticut,CT,1976,3.083335
Connecticut,CT,1977,3.085722
Connecticut,CT,1978,3.091627
Connecticut,CT,1979,3.095917
Connecticut,CT,1980,3.113174
Connecticut,CT,1981,3.128836
Connecticut,CT,1982,3.139013
Connecticut,CT,1983,3.162354
Connecticut,CT,1984,3.180014
Connecticut,CT,1985,3.201131
Connecticut,CT,1986,3.22374
Connecticut,CT,1987,3.247291
Connecticut,CT,1988,3.271953
Connecticut,CT,1989,3.283403
Connecticut,CT,1990,3.289056
Connecticut,CT,1991,3.28864
Connecticut,CT,1992,3.274997
Connecticut,CT,1993,3.272325
Connecticut,CT,1994,3.268346
Connecticut,CT,1995,3.265293
Connecticut,CT,1996,3.26703
Connecticut,CT,1997,3.268514
Connecticut,CT,1998,3.272563
Connecticut,CT,1999,3.282031
Connecticut,CT,2000,3.411777
Connecticut,CT,2001,3.432835
Connecticut,CT,2002,3.458749
Connecticut,CT,2003,3.484336
Connecticut,CT,2004,3.496094
Connecticut,CT,2005,3.506956
Connecticut,CT,2006,3.51746
Connecticut,CT,2007,3.52727
Connecticut,CT,2008,3.545579
Connecticut,CT,2009,3.561807
Connecticut,CT,2010,3.580171
Connecticut,CT,2011,3.591927
Connecticut,CT,2012,3.597705
Connecticut,CT,2013,3.60247
Connecticut,CT,2014,3.600188
Connecticut,CT,2015,3.593862
Connecticut,CT,2016,3.587685
Connecticut,CT,2017,3.588184
Delaware,DE,1950,0.321
Delaware,DE,1951,0.331
Delaware,DE,1952,0.341
Delaware,DE,1953,0.351
Delaware,DE,1954,0.368
Delaware,DE,1955,0.389
Delaware,DE,1956,0.408
Delaware,DE,1957,0.426
Delaware,DE,1958,0.433
Delaware,DE,1959,0.441
Delaware,DE,1960,0.449
Delaware,DE,1961,0.461
Delaware,DE,1962,0.469
Delaware,DE,1963,0.483
Delaware,DE,1964,0.497
Delaware,DE,1965,0.507
Delaware,DE,1966,0.516
Delaware,DE,1967,0.525
Delaware,DE,1968,0.534
Delaware,DE,1969,0.54
Delaware,DE,1970,0.548104
Delaware,DE,1971,0.564708
Delaware,DE,1972,0.572913
Delaware,DE,1973,0.577759
Delaware,DE,1974,0.581418
Delaware,DE,1975,0.586589
Delaware,DE,1976,0.590166
Delaware,DE,1977,0.591829
Delaware,DE,1978,0.594776
Delaware,DE,1979,0.594984
Delaware,DE,1980,0.594919
Delaware,DE,1981,0.595975
Delaware,DE,1982,0.599148
Delaware,DE,1983,0.605458
Delaware,DE,1984,0.611565
Delaware,DE,1985,0.61828
Delaware,DE,1986,0.627559
Delaware,DE,1987,0.636947
Delaware,DE,1988,0.647622
Delaware,DE,1989,0.658273
Delaware,DE,1990,0.669063
Delaware,DE,1991,0.680495
Delaware,DE,1992,0.690158
Delaware,DE,1993,0.699475
Delaware,DE,1994,0.708416
Delaware,DE,1995,0.718265
Delaware,DE,1996,0.72709
Delaware,DE,1997,0.735024
Delaware,DE,1998,0.744066
Delaware,DE,1999,0.753538
Delaware,DE,2000,0.786373
Delaware,DE,2001,0.795699
Delaware,DE,2002,0.806169
Delaware,DE,2003,0.818003
Delaware,DE,2004,0.830803
Delaware,DE,2005,0.84515
Delaware,DE,2006,0.859268
Delaware,DE,2007,0.871749
Delaware,DE,2008,0.883874
Delaware,DE,2009,0.89173
Delaware,DE,2010,0.899712
Delaware,DE,2011,0.907884
Delaware,DE,2012,0.916868
Delaware,DE,2013,0.925114
Delaware,DE,2014,0.934805
Delaware,DE,2015,0.944107
Delaware,DE,2016,0.952698
Delaware,DE,2017,0.961939
District of Columbia,DC,1950,0.806
District of Columbia,DC,1951,0.808
District of Columbia,DC,1952,0.805
District of Columbia,DC,1953,0.81
District of Columbia,DC,1954,0.791
District of Columbia,DC,1955,0.785
District of Columbia,DC,1956,0.759
District of Columbia,DC,1957,0.763
District of Columbia,DC,1958,0.757
District of Columbia,DC,1959,0.761
District of Columbia,DC,1960,0.765
District of Columbia,DC,1961,0.778
District of Columbia,DC,1962,0.788
District of Columbia,DC,1963,0.798
District of Columbia,DC,1964,0.798
District of Columbia,DC,1965,0.797
District of Columbia,DC,1966,0.791
District of Columbia,DC,1967,0.791
District of Columbia,DC,1968,0.778
District of Columbia,DC,1969,0.762
District of Columbia,DC,1970,0.756668
District of Columbia,DC,1971,0.749781
District of Columbia,DC,1972,0.742241
District of Columbia,DC,1973,0.731488
District of Columbia,DC,1974,0.717947
District of Columbia,DC,1975,0.706871
District of Columbia,DC,1976,0.692295
District of Columbia,DC,1977,0.677228
District of Columbia,DC,1978,0.665052
District of Columbia,DC,1979,0.650016
District of Columbia,DC,1980,0.638284
District of Columbia,DC,1981,0.636893
District of Columbia,DC,1982,0.634174
District of Columbia,DC,1983,0.632433
District of Columbia,DC,1984,0.633382
District of Columbia,DC,1985,0.634549
District of Columbia,DC,1986,0.638269
District of Columbia,DC,1987,0.63693
District of Columbia,DC,1988,0.630432
District of Columbia,DC,1989,0.624168
District of Columbia,DC,1990,0.603814
District of Columbia,DC,1991,0.593239
District of Columbia,DC,1992,0.584183
District of Columbia,DC,1993,0.576358
District of Columbia,DC,1994,0.564982
District of Columbia,DC,1995,0.551273
District of Columbia,DC,1996,0.538273
District of Columbia,DC,1997,0.528752
District of Columbia,DC,1998,0.521426
District of Columbia,DC,1999,0.519
District of Columbia,DC,2000,0.572046
District of Columbia,DC,2001,0.574504
District of Columbia,DC,2002,0.573158
District of Columbia,DC,2003,0.568502
District of Columbia,DC,2004,0.567754
District of Columbia,DC,2005,0.567136
District of Columbia,DC,2006,0.570681
District of Columbia,DC,2007,0.574404
District of Columbia,DC,2008,0.580236
District of Columbia,DC,2009,0.592228
District of Columbia,DC,2010,0.60504
District of Columbia,DC,2011,0.620336
District of Columbia,DC,2012,0.63563
District of Columbia,DC,2013,0.650114
District of Columbia,DC,2014,0.660797
District of Columbia,DC,2015,0.672736
District of Columbia,DC,2016,0.684336
District of Columbia,DC,2017,0.693972
Florida,FL,1950,2.81
Florida,FL,1951,2.98
Florida,FL,1952,3.157
Florida,FL,1953,3.31
Florida,FL,1954,3.505
Florida,FL,1955,3.747
Florida,FL,1956,4.047
Florida,FL,1957,4.372
Florida,FL,1958,4.63
Florida,FL,1959,4.808
Florida,FL,1960,5.004
Florida,FL,1961,5.243
Florida,FL,1962,5.458
Florida,FL,1963,5.628
Florida,FL,1964,5.781
Florida,FL,1965,5.954
Florida,FL,1966,6.104
Florida,FL,1967,6.242
Florida,FL,1968,6.433
Florida,FL,1969,6.641
Florida,FL,1970,6.791418
Florida,FL,1971,7.158304
Florida,FL,1972,7.511463
Florida,FL,1973,7.913696
Florida,FL,1974,8.298762
Florida,FL,1975,8.518422
Florida,FL,1976,8.667379
Florida,FL,1977,8.856183
Florida,FL,1978,9.102032
Florida,FL,1979,9.426159
Florida,FL,1980,9.839835
Florida,FL,1981,10.192774
Florida,FL,1982,10.471407
Florida,FL,1983,10.749851
Florida,FL,1984,11.039925
Florida,FL,1985,11.351118
Florida,FL,1986,11.667505
Florida,FL,1987,11.997283
Florida,FL,1988,12.306395
Florida,FL,1989,12.637715
Florida,FL,1990,13.018365
Florida,FL,1991,13.289497
Florida,FL,1992,13.504775
Florida,FL,1993,13.713593
Florida,FL,1994,13.961798
Florida,FL,1995,14.185403
Florida,FL,1996,14.426911
Florida,FL,1997,14.68335
Florida,FL,1998,14.90823
Florida,FL,1999,15.111244
Florida,FL,2000,16.047515
Florida,FL,2001,16.356966
Florida,FL,2002,16.68937
Florida,FL,2003,17.004085
Florida,FL,2004,17.415318
Florida,FL,2005,17.842038
Florida,FL,2006,18.16699
Florida,FL,2007,18.367842
Florida,FL,2008,18.527305
Florida,FL,2009,18.652644
Florida,FL,2010,18.846461
Florida,FL,2011,19.097369
Florida,FL,2012,19.341327
Florida,FL,2013,19.584927
Florida,FL,2014,19.897747
Florida,FL,2015,20.268567
Florida,FL,2016,20.656589
Florida,FL,2017,20.9844
Georgia,GA,1950,3.458
Georgia,GA,1951,3.531
Georgia,GA,1952,3.584
Georgia,GA,1953,3.558
Georgia,GA,1954,3.602
Georgia,GA,1955,3.636
Georgia,GA,1956,3.701
Georgia,GA,1957,3.766
Georgia,GA,1958,3.804
Georgia,GA,1959,3.868
Georgia,GA,1960,3.956
Georgia,GA,1961,4.015
Georgia,GA,1962,4.086
Georgia,GA,1963,4.172
Georgia,GA,1964,4.258
Georgia,GA,1965,4.332
Georgia,GA,1966,4.379
Georgia,GA,1967,4.408
Georgia,GA,1968,4.482
Georgia,GA,1969,4.551
Georgia,GA,1970,4.58793
Georgia,GA,1971,4.71155
Georgia,GA,1972,4.80949
Georgia,GA,1973,4.910374
Georgia,GA,1974,4.999419
Georgia,GA,1975,5.064075
Georgia,GA,1976,5.132812
Georgia,GA,1977,5.219697
Georgia,GA,1978,5.295751
Georgia,GA,1979,5.401384
Georgia,GA,1980,5.486174
Georgia,GA,1981,5.568345
Georgia,GA,1982,5.649792
Georgia,GA,1983,5.72825
Georgia,GA,1984,5.834954
Georgia,GA,1985,5.962661
Georgia,GA,1986,6.084666
Georgia,GA,1987,6.208467
Georgia,GA,1988,6.316142
Georgia,GA,1989,6.411099
Georgia,GA,1990,6.506531
Georgia,GA,1991,6.621279
Georgia,GA,1992,6.759474
Georgia,GA,1993,6.894092
Georgia,GA,1994,7.0459
Georgia,GA,1995,7.188538
Georgia,GA,1996,7.332225
Georgia,GA,1997,7.486094
Georgia,GA,1998,7.636522
Georgia,GA,1999,7.78824
Georgia,GA,2000,8.227303
Georgia,GA,2001,8.377038
Georgia,GA,2002,8.508256
Georgia,GA,2003,8.622793
Georgia,GA,2004,8.769252
Georgia,GA,2005,8.925922
Georgia,GA,2006,9.155813
Georgia,GA,2007,9.349988
Georgia,GA,2008,9.504843
Georgia,GA,2009,9.620846
Georgia,GA,2010,9.712696
Georgia,GA,2011,9.810595
Georgia,GA,2012,9.911171
Georgia,GA,2013,9.981773
Georgia,GA,2014,10.08385
Georgia,GA,2015,10.199533
Georgia,GA,2016,10.31362
Georgia,GA,2017,10.429379
Hawaii,HI,1950,0.498
Hawaii,HI,1951,0.514
Hawaii,HI,1952,0.517
Hawaii,HI,1953,0.51
Hawaii,HI,1954,0.505
Hawaii,HI,1955,0.539
Hawaii,HI,1956,0.559
Hawaii,HI,1957,0.584
Hawaii,HI,1958,0.605
Hawaii,HI,1959,0.622
Hawaii,HI,1960,0.642
Hawaii,HI,1961,0.659
Hawaii,HI,1962,0.684
Hawaii,HI,1963,0.682
Hawaii,HI,1964,0.7
Hawaii,HI,1965,0.704
Hawaii,HI,1966,0.71
Hawaii,HI,1967,0.723
Hawaii,HI,1968,0.734
Hawaii,HI,1969,0.75
Hawaii,HI,1970,0.769913
Hawaii,HI,1971,0.801644
Hawaii,HI,1972,0.828331
Hawaii,HI,1973,0.851595
Hawaii,HI,1974,0.867978
Hawaii,HI,1975,0.88616
Hawaii,HI,1976,0.904191
Hawaii,HI,1977,0.918259
Hawaii,HI,1978,0.931584
Hawaii,HI,1979,0.953306
Hawaii,HI,1980,0.96771
Hawaii,HI,1981,0.978195
Hawaii,HI,1982,0.99378
Hawaii,HI,1983,1.012717
Hawaii,HI,1984,1.027922
Hawaii,HI,1985,1.039698
Hawaii,HI,1986,1.051762
Hawaii,HI,1987,1.067918
Hawaii,HI,1988,1.079828
Hawaii,HI,1989,1.094588
Hawaii,HI,1990,1.112703
Hawaii,HI,1991,1.131412
Hawaii,HI,1992,1.149926
Hawaii,HI,1993,1.161508
Hawaii,HI,1994,1.173903
Hawaii,HI,1995,1.18049
Hawaii,HI,1996,1.184434
Hawaii,HI,1997,1.189322
Hawaii,HI,1998,1.190472
Hawaii,HI,1999,1.185497
Hawaii,HI,2000,1.213519
Hawaii,HI,2001,1.225948
Hawaii,HI,2002,1.239613
Hawaii,HI,2003,1.251154
Hawaii,HI,2004,1.273569
Hawaii,HI,2005,1.292729
Hawaii,HI,2006,1.309731
Hawaii,HI,2007,1.315675
Hawaii,HI,2008,1.332213
Hawaii,HI,2009,1.346717
Hawaii,HI,2010,1.363817
Hawaii,HI,2011,1.378323
Hawaii,HI,2012,1.392772
Hawaii,HI,2013,1.408038
Hawaii,HI,2014,1.41771
Hawaii,HI,2015,1.42632
Hawaii,HI,2016,1.428683
Hawaii,HI,2017,1.427538
Idaho,ID,1950,0.59
Idaho,ID,1951,0.589
Idaho,ID,1952,0.587
Idaho,ID,1953,0.596
Idaho,ID,1954,0.6
Idaho,ID,1955,0.618
Idaho,ID,1956,0.628
Idaho,ID,1957,0.642
Idaho,ID,1958,0.646
Idaho,ID,1959,0.657
Idaho,ID,1960,0.671
Idaho,ID,1961,0.684
Idaho,ID,1962,0.692
Idaho,ID,1963,0.683
Idaho,ID,1964,0.68
Idaho,ID,1965,0.686
Idaho,ID,1966,0.689
Idaho,ID,1967,0.688
Idaho,ID,1968,0.695
Idaho,ID,1969,0.707
Idaho,ID,1970,0.713015
Idaho,ID,1971,0.738753
Idaho,ID,1972,0.763237
Idaho,ID,1973,0.782074
Idaho,ID,1974,0.80799
Idaho,ID,1975,0.831982
Idaho,ID,1976,0.856983
Idaho,ID,1977,0.883469
Idaho,ID,1978,0.91069
Idaho,ID,1979,0.932627
Idaho,ID,1980,0.947983
Idaho,ID,1981,0.962204
Idaho,ID,1982,0.973721
Idaho,ID,1983,0.981869
Idaho,ID,1984,0.990839
Idaho,ID,1985,0.994051
Idaho,ID,1986,0.990224
Idaho,ID,1987,0.984997
Idaho,ID,1988,0.985664
Idaho,ID,1989,0.994416
Idaho,ID,1990,1.011882
Idaho,ID,1991,1.038915
Idaho,ID,1992,1.06649
Idaho,ID,1993,1.101204
Idaho,ID,1994,1.135459
Idaho,ID,1995,1.165
Idaho,ID,1996,1.187706
Idaho,ID,1997,1.210638
Idaho,ID,1998,1.230923
Idaho,ID,1999,1.2517
Idaho,ID,2000,1.29943
Idaho,ID,2001,1.319962
Idaho,ID,2002,1.340372
Idaho,ID,2003,1.36338
Idaho,ID,2004,1.391802
Idaho,ID,2005,1.428241
Idaho,ID,2006,1.468669
Idaho,ID,2007,1.505105
Idaho,ID,2008,1.53432
Idaho,ID,2009,1.554439
Idaho,ID,2010,1.570912
Idaho,ID,2011,1.58318
Idaho,ID,2012,1.594673
Idaho,ID,2013,1.610187
Idaho,ID,2014,1.630391
Idaho,ID,2015,1.649324
Idaho,ID,2016,1.680026
Idaho,ID,2017,1.716943
Illinois,IL,1950,8.738
Illinois,IL,1951,8.79
Illinois,IL,1952,8.956
Illinois,IL,1953,9.065
Illinois,IL,1954,9.252
Illinois,IL,1955,9.435
Illinois,IL,1956,9.53
Illinois,IL,1957,9.668
Illinois,IL,1958,9.886
Illinois,IL,1959,9.986
Illinois,IL,1960,10.086
Illinois,IL,1961,10.13
Illinois,IL,1962,10.28
Illinois,IL,1963,10.402
Illinois,IL,1964,10.58
Illinois,IL,1965,10.693
Illinois,IL,1966,10.836
Illinois,IL,1967,10.947
Illinois,IL,1968,10.995
Illinois,IL,1969,11.039
Illinois,IL,1970,11.110285
Illinois,IL,1971,11.202397
Illinois,IL,1972,11.251948
Illinois,IL,1973,11.251367
Illinois,IL,1974,11.262145
Illinois,IL,1975,11.291743
Illinois,IL,1976,11.342853
Illinois,IL,1977,11.386316
Illinois,IL,1978,11.412561
Illinois,IL,1979,11.396837
Illinois,IL,1980,11.434702
Illinois,IL,1981,11.443458
Illinois,IL,1982,11.423412
Illinois,IL,1983,11.408818
Illinois,IL,1984,11.412132
Illinois,IL,1985,11.399806
Illinois,IL,1986,11.387257
Illinois,IL,1987,11.391178
Illinois,IL,1988,11.390183
Illinois,IL,1989,11.409782
Illinois,IL,1990,11.446979
Illinois,IL,1991,11.535973
Illinois,IL,1992,11.635197
Illinois,IL,1993,11.725984
Illinois,IL,1994,11.804986
Illinois,IL,1995,11.884935
Illinois,IL,1996,11.953003
Illinois,IL,1997,12.011509
Illinois,IL,1998,12.069774
Illinois,IL,1999,12.12837
Illinois,IL,2000,12.434161
Illinois,IL,2001,12.488445
Illinois,IL,2002,12.525556
Illinois,IL,2003,12.556006
Illinois,IL,2004,12.589773
Illinois,IL,2005,12.609903
Illinois,IL,2006,12.643955
Illinois,IL,2007,12.695866
Illinois,IL,2008,12.747038
Illinois,IL,2009,12.796778
Illinois,IL,2010,12.841196
Illinois,IL,2011,12.862298
Illinois,IL,2012,12.878494
Illinois,IL,2013,12.890403
Illinois,IL,2014,12.882438
Illinois,IL,2015,12.862051
Illinois,IL,2016,12.835726
Illinois,IL,2017,12.802023
Indiana,IN,1950,3.967
Indiana,IN,1951,4.096
Indiana,IN,1952,4.148
Indiana,IN,1953,4.182
Indiana,IN,1954,4.264
Indiana,IN,1955,4.363
Indiana,IN,1956,4.458
Indiana,IN,1957,4.529
Indiana,IN,1958,4.583
Indiana,IN,1959,4.613
Indiana,IN,1960,4.674
Indiana,IN,1961,4.73
Indiana,IN,1962,4.736
Indiana,IN,1963,4.799
Indiana,IN,1964,4.856
Indiana,IN,1965,4.922
Indiana,IN,1966,4.999
Indiana,IN,1967,5.053
Indiana,IN,1968,5.093
Indiana,IN,1969,5.143
Indiana,IN,1970,5.195392
Indiana,IN,1971,5.253396
Indiana,IN,1972,5.302435
Indiana,IN,1973,5.338277
Indiana,IN,1974,5.36189
Indiana,IN,1975,5.365766
Indiana,IN,1976,5.389088
Indiana,IN,1977,5.425638
Indiana,IN,1978,5.470214
Indiana,IN,1979,5.501174
Indiana,IN,1980,5.490721
Indiana,IN,1981,5.480435
Indiana,IN,1982,5.467922
Indiana,IN,1983,5.450395
Indiana,IN,1984,5.458322
Indiana,IN,1985,5.459211
Indiana,IN,1986,5.454108
Indiana,IN,1987,5.473012
Indiana,IN,1988,5.491735
Indiana,IN,1989,5.523693
Indiana,IN,1990,5.555097
Indiana,IN,1991,5.602062
Indiana,IN,1992,5.648649
Indiana,IN,1993,5.701965
Indiana,IN,1994,5.745626
Indiana,IN,1995,5.791819
Indiana,IN,1996,5.834908
Indiana,IN,1997,5.87237
Indiana,IN,1998,5.907617
Indiana,IN,1999,5.942901
Indiana,IN,2000,6.091866
Indiana,IN,2001,6.12776
Indiana,IN,2002,6.155967
Indiana,IN,2003,6.196638
Indiana,IN,2004,6.233007
Indiana,IN,2005,6.278616
Indiana,IN,2006,6.332669
Indiana,IN,2007,6.379599
Indiana,IN,2008,6.424806
Indiana,IN,2009,6.459325
Indiana,IN,2010,6.490029
Indiana,IN,2011,6.515358
Indiana,IN,2012,6.535665
Indiana,IN,2013,6.567484
Indiana,IN,2014,6.593182
Indiana,IN,2015,6.610596
Indiana,IN,2016,6.634007
Indiana,IN,2017,6.666818
Iowa,IA,1950,2.625
Iowa,IA,1951,2.617
Iowa,IA,1952,2.626
Iowa,IA,1953,2.629
Iowa,IA,1954,2.626
Iowa,IA,1955,2.679
Iowa,IA,1956,2.703
Iowa,IA,1957,2.716
Iowa,IA,1958,2.708
Iowa,IA,1959,2.729
Iowa,IA,1960,2.756
Iowa,IA,1961,2.756
Iowa,IA,1962,2.75
Iowa,IA,1963,2.747
Iowa,IA,1964,2.746
Iowa,IA,1965,2.742
Iowa,IA,1966,2.762
Iowa,IA,1967,2.793
Iowa,IA,1968,2.803
Iowa,IA,1969,2.805
Iowa,IA,1970,2.825368
Iowa,IA,1971,2.851705
Iowa,IA,1972,2.860287
Iowa,IA,1973,2.863715
Iowa,IA,1974,2.86753
Iowa,IA,1975,2.880847
Iowa,IA,1976,2.903082
Iowa,IA,1977,2.913573
Iowa,IA,1978,2.918069
Iowa,IA,1979,2.915739
Iowa,IA,1980,2.914018
Iowa,IA,1981,2.907983
Iowa,IA,1982,2.888189
Iowa,IA,1983,2.870543
Iowa,IA,1984,2.858618
Iowa,IA,1985,2.829684
Iowa,IA,1986,2.79197
Iowa,IA,1987,2.767011
Iowa,IA,1988,2.768388
Iowa,IA,1989,2.770592
Iowa,IA,1990,2.779769
Iowa,IA,1991,2.791227
Iowa,IA,1992,2.806923
Iowa,IA,1993,2.820525
Iowa,IA,1994,2.829422
Iowa,IA,1995,2.84086
Iowa,IA,1996,2.848473
Iowa,IA,1997,2.854396
Iowa,IA,1998,2.861025
Iowa,IA,1999,2.869413
Iowa,IA,2000,2.929067
Iowa,IA,2001,2.931997
Iowa,IA,2002,2.934234
Iowa,IA,2003,2.941999
Iowa,IA,2004,2.953635
Iowa,IA,2005,2.964454
Iowa,IA,2006,2.982644
Iowa,IA,2007,2.999212
Iowa,IA,2008,3.016734
Iowa,IA,2009,3.03287
Iowa,IA,2010,3.050223
Iowa,IA,2011,3.06369
Iowa,IA,2012,3.074386
Iowa,IA,2013,3.089876
Iowa,IA,2014,3.105563
Iowa,IA,2015,3.118473
Iowa,IA,2016,3.130869
Iowa,IA,2017,3.145711
Kansas,KS,1950,1.916
Kansas,KS,1951,1.95
Kansas,KS,1952,1.977
Kansas,KS,1953,1.994
Kansas,KS,1954,2.042
Kansas,KS,1955,2.093
Kansas,KS,1956,2.119
Kansas,KS,1957,2.128
Kansas,KS,1958,2.142
Kansas,KS,1959,2.16
Kansas,KS,1960,2.183
Kansas,KS,1961,2.215
Kansas,KS,1962,2.231
Kansas,KS,1963,2.217
Kansas,KS,1964,2.209
Kansas,KS,1965,2.206
Kansas,KS,1966,2.2
Kansas,KS,1967,2.197
Kansas,KS,1968,2.216
Kansas,KS,1969,2.236
Kansas,KS,1970,2.249071
Kansas,KS,1971,2.2466
Kansas,KS,1972,2.256375
Kansas,KS,1973,2.265603
Kansas,KS,1974,2.269499
Kansas,KS,1975,2.280578
Kansas,KS,1976,2.301001
Kansas,KS,1977,2.320647
Kansas,KS,1978,2.335657
Kansas,KS,1979,2.350906
Kansas,KS,1980,2.369039
Kansas,KS,1981,2.384849
Kansas,KS,1982,2.401202
Kansas,KS,1983,2.415531
Kansas,KS,1984,2.424086
Kansas,KS,1985,2.427405
Kansas,KS,1986,2.432619
Kansas,KS,1987,2.445367
Kansas,KS,1988,2.461996
Kansas,KS,1989,2.472849
Kansas,KS,1990,2.480683
Kansas,KS,1991,2.495209
Kansas,KS,1992,2.526042
Kansas,KS,1993,2.547605
Kansas,KS,1994,2.569118
Kansas,KS,1995,2.586942
Kansas,KS,1996,2.598266
Kansas,KS,1997,2.616339
Kansas,KS,1998,2.638667
Kansas,KS,1999,2.654052
Kansas,KS,2000,2.693681
Kansas,KS,2001,2.702162
Kansas,KS,2002,2.713535
Kansas,KS,2003,2.723004
Kansas,KS,2004,2.734373
Kansas,KS,2005,2.745299
Kansas,KS,2006,2.762931
Kansas,KS,2007,2.783785
Kansas,KS,2008,2.808076
Kansas,KS,2009,2.832704
Kansas,KS,2010,2.858403
Kansas,KS,2011,2.868756
Kansas,KS,2012,2.885316
Kansas,KS,2013,2.8929
Kansas,KS,2014,2.899553
Kansas,KS,2015,2.905789
Kansas,KS,2016,2.907731
Kansas,KS,2017,2.913123
Kentucky,KY,1950,2.936
Kentucky,KY,1951,2.941
Kentucky,KY,1952,2.92
Kentucky,KY,1953,2.903
Kentucky,KY,1954,2.902
Kentucky,KY,1955,2.91
Kentucky,KY,1956,2.898
Kentucky,KY,1957,2.928
Kentucky,KY,1958,2.961
Kentucky,KY,1959,2.999
Kentucky,KY,1960,3.041
Kentucky,KY,1961,3.054
Kentucky,KY,1962,3.079
Kentucky,KY,1963,3.096
Kentucky,KY,1964,3.129
Kentucky,KY,1965,3.14
Kentucky,KY,1966,3.147
Kentucky,KY,1967,3.172
Kentucky,KY,1968,3.195
Kentucky,KY,1969,3.198
Kentucky,KY,1970,3.220711
Kentucky,KY,1971,3.298053
Kentucky,KY,1972,3.335728
Kentucky,KY,1973,3.371024
Kentucky,KY,1974,3.416315
Kentucky,KY,1975,3.467769
Kentucky,KY,1976,3.529257
Kentucky,KY,1977,3.573693
Kentucky,KY,1978,3.609976
Kentucky,KY,1979,3.641804
Kentucky,KY,1980,3.664221
Kentucky,KY,1981,3.670394
Kentucky,KY,1982,3.683445
Kentucky,KY,1983,3.694484
Kentucky,KY,1984,3.695453
Kentucky,KY,1985,3.694826
Kentucky,KY,1986,3.687809
Kentucky,KY,1987,3.683329
Kentucky,KY,1988,3.679999
Kentucky,KY,1989,3.677306
Kentucky,KY,1990,3.692584
Kentucky,KY,1991,3.714686
Kentucky,KY,1992,3.756358
Kentucky,KY,1993,3.792288
Kentucky,KY,1994,3.823215
Kentucky,KY,1995,3.855248
Kentucky,KY,1996,3.881051
Kentucky,KY,1997,3.907816
Kentucky,KY,1998,3.93431
Kentucky,KY,1999,3.960825
Kentucky,KY,2000,4.049021
Kentucky,KY,2001,4.068132
Kentucky,KY,2002,4.089875
Kentucky,KY,2003,4.11717
Kentucky,KY,2004,4.146101
Kentucky,KY,2005,4.182742
Kentucky,KY,2006,4.219239
Kentucky,KY,2007,4.256672
Kentucky,KY,2008,4.289878
Kentucky,KY,2009,4.317074
Kentucky,KY,2010,4.347948
Kentucky,KY,2011,4.368505
Kentucky,KY,2012,4.383673
Kentucky,KY,2013,4.399121
Kentucky,KY,2014,4.410415
Kentucky,KY,2015,4.422057
Kentucky,KY,2016,4.436113
Kentucky,KY,2017,4.454189
Louisiana,LA,1950,2.697
Louisiana,LA,1951,2.769
Louisiana,LA,1952,2.842
Louisiana,LA,1953,2.866
Louisiana,LA,1954,2.883
Louisiana,LA,1955,2.946
Louisiana,LA,1956,3.032
Louisiana,LA,1957,3.115
Louisiana,LA,1958,3.155
Louisiana,LA,1959,3.208
Louisiana,LA,1960,3.26
Louisiana,LA,1961,3.287
Louisiana,LA,1962,3.345
Louisiana,LA,1963,3.377
Louisiana,LA,1964,3.446
Louisiana,LA,1965,3.496
Louisiana,LA,1966,3.55
Louisiana,LA,1967,3.581
Louisiana,LA,1968,3.603
Louisiana,LA,1969,3.619
Louisiana,LA,1970,3.644637
Louisiana,LA,1971,3.710487
Louisiana,LA,1972,3.761646
Louisiana,LA,1973,3.788375
Louisiana,LA,1974,3.820109
Louisiana,LA,1975,3.886104
Louisiana,LA,1976,3.950605
Louisiana,LA,1977,4.014459
Louisiana,LA,1978,4.068579
Louisiana,LA,1979,4.137665
Louisiana,LA,1980,4.223101
Louisiana,LA,1981,4.283303
Louisiana,LA,1982,4.352608
Louisiana,LA,1983,4.395316
Louisiana,LA,1984,4.400477
Louisiana,LA,1985,4.408118
Louisiana,LA,1986,4.406919
Louisiana,LA,1987,4.344148
Louisiana,LA,1988,4.288863
Louisiana,LA,1989,4.252894
Louisiana,LA,1990,4.219179
Louisiana,LA,1991,4.24095
Louisiana,LA,1992,4.270849
Louisiana,LA,1993,4.284749
Louisiana,LA,1994,4.3065
Louisiana,LA,1995,4.327978
Louisiana,LA,1996,4.338763
Louisiana,LA,1997,4.35139
Louisiana,LA,1998,4.362758
Louisiana,LA,1999,4.372035
Louisiana,LA,2000,4.471885
Louisiana,LA,2001,4.477875
Louisiana,LA,2002,4.497267
Louisiana,LA,2003,4.521042
Louisiana,LA,2004,4.552238
Louisiana,LA,2005,4.576628
Louisiana,LA,2006,4.302665
Louisiana,LA,2007,4.375581
Louisiana,LA,2008,4.435586
Louisiana,LA,2009,4.491648
Louisiana,LA,2010,4.544871
Louisiana,LA,2011,4.574388
Louisiana,LA,2012,4.602681
Louisiana,LA,2013,4.626795
Louisiana,LA,2014,4.648797
Louisiana,LA,2015,4.671211
Louisiana,LA,2016,4.686157
Louisiana,LA,2017,4.684333
Maine,ME,1950,0.917
Maine,ME,1951,0.916
Maine,ME,1952,0.915
Maine,ME,1953,0.913
Maine,ME,1954,0.927
Maine,ME,1955,0.934
Maine,ME,1956,0.938
Maine,ME,1957,0.943
Maine,ME,1958,0.944
Maine,ME,1959,0.957
Maine,ME,1960,0.975
Maine,ME,1961,0.995
Maine,ME,1962,0.994
Maine,ME,1963,0.993
Maine,ME,1964,0.993
Maine,ME,1965,0.997
Maine,ME,1966,0.999
Maine,ME,1967,1.004
Maine,ME,1968,0.994
Maine,ME,1969,0.992
Maine,ME,1970,0.993722
Maine,ME,1971,1.01539
Maine,ME,1972,1.034292
Maine,ME,1973,1.045655
Maine,ME,1974,1.05904
Maine,ME,1975,1.071995
Maine,ME,1976,1.088412
Maine,ME,1977,1.103578
Maine,ME,1978,1.113566
Maine,ME,1979,1.122563
Maine,ME,1980,1.12686
Maine,ME,1981,1.133033
Maine,ME,1982,1.136684
Maine,ME,1983,1.144772
Maine,ME,1984,1.155635
Maine,ME,1985,1.162936
Maine,ME,1986,1.170126
Maine,ME,1987,1.184574
Maine,ME,1988,1.20384
Maine,ME,1989,1.219961
Maine,ME,1990,1.231296
Maine,ME,1991,1.235439
Maine,ME,1992,1.235748
Maine,ME,1993,1.238256
Maine,ME,1994,1.237687
Maine,ME,1995,1.237438
Maine,ME,1996,1.241436
Maine,ME,1997,1.245215
Maine,ME,1998,1.247554
Maine,ME,1999,1.25304
Maine,ME,2000,1.277072
Maine,ME,2001,1.285692
Maine,ME,2002,1.29596
Maine,ME,2003,1.306513
Maine,ME,2004,1.313688
Maine,ME,2005,1.318787
Maine,ME,2006,1.323619
Maine,ME,2007,1.32704
Maine,ME,2008,1.330509
Maine,ME,2009,1.32959
Maine,ME,2010,1.327568
Maine,ME,2011,1.327968
Maine,ME,2012,1.328101
Maine,ME,2013,1.327975
Maine,ME,2014,1.328903
Maine,ME,2015,1.327787
Maine,ME,2016,1.330232
Maine,ME,2017,1.335907
Maryland,MD,1950,2.355
Maryland,MD,1951,2.441
Maryland,MD,1952,2.5
Maryland,MD,1953,2.567
Maryland,MD,1954,2.685
Maryland,MD,1955,2.742
Maryland,MD,1956,2.811
Maryland,MD,1957,2.873
Maryland,MD,1958,2.982
Maryland,MD,1959,3.066
Maryland,MD,1960,3.113
Maryland,MD,1961,3.176
Maryland,MD,1962,3.263
Maryland,MD,1963,3.386
Maryland,MD,1964,3.492
Maryland,MD,1965,3.6
Maryland,MD,1966,3.695
Maryland,MD,1967,3.757
Maryland,MD,1968,3.815
Maryland,MD,1969,3.868
Maryland,MD,1970,3.923897
Maryland,MD,1971,4.018324
Maryland,MD,1972,4.073499
Maryland,MD,1973,4.097974
Maryland,MD,1974,4.118815
Maryland,MD,1975,4.139096
Maryland,MD,1976,4.150539
Maryland,MD,1977,4.169595
Maryland,MD,1978,4.183603
Maryland,MD,1979,4.19116
Maryland,MD,1980,4.227643
Maryland,MD,1981,4.261905
Maryland,MD,1982,4.282923
Maryland,MD,1983,4.313327
Maryland,MD,1984,4.365243
Maryland,MD,1985,4.413071
Maryland,MD,1986,4.486957
Maryland,MD,1987,4.565557
Maryland,MD,1988,4.657904
Maryland,MD,1989,4.727301
Maryland,MD,1990,4.797431
Maryland,MD,1991,4.856176
Maryland,MD,1992,4.902545
Maryland,MD,1993,4.942504
Maryland,MD,1994,4.985411
Maryland,MD,1995,5.02365
Maryland,MD,1996,5.057142
Maryland,MD,1997,5.092914
Maryland,MD,1998,5.130072
Maryland,MD,1999,5.171634
Maryland,MD,2000,5.311034
Maryland,MD,2001,5.374691
Maryland,MD,2002,5.440389
Maryland,MD,2003,5.496269
Maryland,MD,2004,5.546935
Maryland,MD,2005,5.592379
Maryland,MD,2006,5.627367
Maryland,MD,2007,5.653408
Maryland,MD,2008,5.684965
Maryland,MD,2009,5.730388
Maryland,MD,2010,5.788099
Maryland,MD,2011,5.843115
Maryland,MD,2012,5.89168
Maryland,MD,2013,5.932654
Maryland,MD,2014,5.970245
Maryland,MD,2015,6.000561
Maryland,MD,2016,6.024752
Maryland,MD,2017,6.052177
Massachusetts,MA,1950,4.686
Massachusetts,MA,1951,4.654
Massachusetts,MA,1952,4.65
Massachusetts,MA,1953,4.806
Massachusetts,MA,1954,4.91
Massachusetts,MA,1955,4.882
Massachusetts,MA,1956,4.891
Massachusetts,MA,1957,4.929
Massachusetts,MA,1958,5.01
Massachusetts,MA,1959,5.117
Massachusetts,MA,1960,5.16
Massachusetts,MA,1961,5.219
Massachusetts,MA,1962,5.263
Massachusetts,MA,1963,5.344
Massachusetts,MA,1964,5.448
Massachusetts,MA,1965,5.502
Massachusetts,MA,1966,5.535
Massachusetts,MA,1967,5.594
Massachusetts,MA,1968,5.618
Massachusetts,MA,1969,5.65
Massachusetts,MA,1970,5.68917
Massachusetts,MA,1971,5.73758
Massachusetts,MA,1972,5.760302
Massachusetts,MA,1973,5.781172
Massachusetts,MA,1974,5.773548
Massachusetts,MA,1975,5.757756
Massachusetts,MA,1976,5.743672
Massachusetts,MA,1977,5.738199
Massachusetts,MA,1978,5.736469
Massachusetts,MA,1979,5.738404
Massachusetts,MA,1980,5.746075
Massachusetts,MA,1981,5.768685
Massachusetts,MA,1982,5.771222
Massachusetts,MA,1983,5.799407
Massachusetts,MA,1984,5.840773
Massachusetts,MA,1985,5.880733
Massachusetts,MA,1986,5.902678
Massachusetts,MA,1987,5.935204
Massachusetts,MA,1988,5.979982
Massachusetts,MA,1989,6.015478
Massachusetts,MA,1990,6.018664
Massachusetts,MA,1991,5.998652
Massachusetts,MA,1992,5.993474
Massachusetts,MA,1993,6.010884
Massachusetts,MA,1994,6.031352
Massachusetts,MA,1995,6.062335
Massachusetts,MA,1996,6.085393
Massachusetts,MA,1997,6.115476
Massachusetts,MA,1998,6.144407
Massachusetts,MA,1999,6.175169
Massachusetts,MA,2000,6.361104
Massachusetts,MA,2001,6.397634
Massachusetts,MA,2002,6.417206
Massachusetts,MA,2003,6.422565
Massachusetts,MA,2004,6.412281
Massachusetts,MA,2005,6.40329
Massachusetts,MA,2006,6.410084
Massachusetts,MA,2007,6.431559
Massachusetts,MA,2008,6.468967
Massachusetts,MA,2009,6.517613
Massachusetts,MA,2010,6.564943
Massachusetts,MA,2011,6.612178
Massachusetts,MA,2012,6.659627
Massachusetts,MA,2013,6.711138
Massachusetts,MA,2014,6.757925
Massachusetts,MA,2015,6.794002
Massachusetts,MA,2016,6.823721
Massachusetts,MA,2017,6.859819
Michigan,MI,1950,6.407
Michigan,MI,1951,6.497
Michigan,MI,1952,6.65
Michigan,MI,1953,6.822
Michigan,MI,1954,7.066
Michigan,MI,1955,7.285
Michigan,MI,1956,7.467
Michigan,MI,1957,7.569
Michigan,MI,1958,7.667
Michigan,MI,1959,7.767
Michigan,MI,1960,7.834
Michigan,MI,1961,7.893
Michigan,MI,1962,7.933
Michigan,MI,1963,8.058
Michigan,MI,1964,8.187
Michigan,MI,1965,8.357
Michigan,MI,1966,8.512
Michigan,MI,1967,8.63
Michigan,MI,1968,8.696
Michigan,MI,1969,8.781
Michigan,MI,1970,8.881826
Michigan,MI,1971,8.974186
Michigan,MI,1972,9.028944
Michigan,MI,1973,9.077956
Michigan,MI,1974,9.117507
Michigan,MI,1975,9.117668
Michigan,MI,1976,9.129205
Michigan,MI,1977,9.17111
Michigan,MI,1978,9.217761
Michigan,MI,1979,9.266268
Michigan,MI,1980,9.255553
Michigan,MI,1981,9.209287
Michigan,MI,1982,9.115198
Michigan,MI,1983,9.047754
Michigan,MI,1984,9.049452
Michigan,MI,1985,9.076293
Michigan,MI,1986,9.127775
Michigan,MI,1987,9.187481
Michigan,MI,1988,9.217998
Michigan,MI,1989,9.253295
Michigan,MI,1990,9.310462
Michigan,MI,1991,9.395022
Michigan,MI,1992,9.470323
Michigan,MI,1993,9.52924
Michigan,MI,1994,9.584481
Michigan,MI,1995,9.659871
Michigan,MI,1996,9.739184
Michigan,MI,1997,9.78545
Michigan,MI,1998,9.820231
Michigan,MI,1999,9.863775
Michigan,MI,2000,9.95245
Michigan,MI,2001,9.99112
Michigan,MI,2002,10.01571
Michigan,MI,2003,10.041152
Michigan,MI,2004,10.055315
Michigan,MI,2005,10.051137
Michigan,MI,2006,10.036081
Michigan,MI,2007,10.001284
Michigan,MI,2008,9.946889
Michigan,MI,2009,9.901591
Michigan,MI,2010,9.876731
Michigan,MI,2011,9.876199
Michigan,MI,2012,9.88661
Michigan,MI,2013,9.899219
Michigan,MI,2014,9.914675
Michigan,MI,2015,9.91817
Michigan,MI,2016,9.933445
Michigan,MI,2017,9.962311
Minnesota,MN,1950,2.997
Minnesota,MN,1951,3.01
Minnesota,MN,1952,3.03
Minnesota,MN,1953,3.05
Minnesota,MN,1954,3.113
Minnesota,MN,1955,3.172
Minnesota,MN,1956,3.24
Minnesota,MN,1957,3.274
Minnesota,MN,1958,3.313
Minnesota,MN,1959,3.366
Minnesota,MN,1960,3.425
Minnesota,MN,1961,3.47
Minnesota,MN,1962,3.513
Minnesota,MN,1963,3.531
Minnesota,MN,1964,3.558
Minnesota,MN,1965,3.592
Minnesota,MN,1966,3.617
Minnesota,MN,1967,3.659
Minnesota,MN,1968,3.703
Minnesota,MN,1969,3.758
Minnesota,MN,1970,3.806103
Minnesota,MN,1971,3.853486
Minnesota,MN,1972,3.869747
Minnesota,MN,1973,3.889332
Minnesota,MN,1974,3.903925
Minnesota,MN,1975,3.932515
Minnesota,MN,1976,3.96468
Minnesota,MN,1977,3.989364
Minnesota,MN,1978,4.015341
Minnesota,MN,1979,4.050316
Minnesota,MN,1980,4.085017
Minnesota,MN,1981,4.111728
Minnesota,MN,1982,4.13145
Minnesota,MN,1983,4.141456
Minnesota,MN,1984,4.157706
Minnesota,MN,1985,4.184302
Minnesota,MN,1986,4.205212
Minnesota,MN,1987,4.235136
Minnesota,MN,1988,4.296166
Minnesota,MN,1989,4.338057
Minnesota,MN,1990,4.387283
Minnesota,MN,1991,4.427429
Minnesota,MN,1992,4.471503
Minnesota,MN,1993,4.521709
Minnesota,MN,1994,4.566028
Minnesota,MN,1995,4.605445
Minnesota,MN,1996,4.647723
Minnesota,MN,1997,4.687726
Minnesota,MN,1998,4.726411
Minnesota,MN,1999,4.775508
Minnesota,MN,2000,4.933692
Minnesota,MN,2001,4.982796
Minnesota,MN,2002,5.018935
Minnesota,MN,2003,5.053572
Minnesota,MN,2004,5.087713
Minnesota,MN,2005,5.119598
Minnesota,MN,2006,5.163555
Minnesota,MN,2007,5.207203
Minnesota,MN,2008,5.247018
Minnesota,MN,2009,5.281203
Minnesota,MN,2010,5.310711
Minnesota,MN,2011,5.345967
Minnesota,MN,2012,5.377695
Minnesota,MN,2013,5.416074
Minnesota,MN,2014,5.452649
Minnesota,MN,2015,5.483238
Minnesota,MN,2016,5.52505
Minnesota,MN,2017,5.576606
Mississippi,MS,1950,2.176
Mississippi,MS,1951,2.163
Mississippi,MS,1952,2.152
Mississippi,MS,1953,2.105
Mississippi,MS,1954,2.064
Mississippi,MS,1955,2.06
Mississippi,MS,1956,2.086
Mississippi,MS,1957,2.088
Mississippi,MS,1958,2.086
Mississippi,MS,1959,2.138
Mississippi,MS,1960,2.182
Mississippi,MS,1961,2.206
Mississippi,MS,1962,2.243
Mississippi,MS,1963,2.244
Mississippi,MS,1964,2.241
Mississippi,MS,1965,2.246
Mississippi,MS,1966,2.245
Mississippi,MS,1967,2.228
Mississippi,MS,1968,2.219
Mississippi,MS,1969,2.22
Mississippi,MS,1970,2.216994
Mississippi,MS,1971,2.265432
Mississippi,MS,1972,2.307117
Mississippi,MS,1973,2.349546
Mississippi,MS,1974,2.378268
Mississippi,MS,1975,2.399449
Mississippi,MS,1976,2.429756
Mississippi,MS,1977,2.459201
Mississippi,MS,1978,2.487816
Mississippi,MS,1979,2.507069
Mississippi,MS,1980,2.525342
Mississippi,MS,1981,2.539036
Mississippi,MS,1982,2.556777
Mississippi,MS,1983,2.567717
Mississippi,MS,1984,2.578051
Mississippi,MS,1985,2.588102
Mississippi,MS,1986,2.593597
Mississippi,MS,1987,2.588545
Mississippi,MS,1988,2.580352
Mississippi,MS,1989,2.574269
Mississippi,MS,1990,2.577426
Mississippi,MS,1991,2.59123
Mississippi,MS,1992,2.610193
Mississippi,MS,1993,2.635574
Mississippi,MS,1994,2.66345
Mississippi,MS,1995,2.690788
Mississippi,MS,1996,2.709925
Mississippi,MS,1997,2.731826
Mississippi,MS,1998,2.751335
Mississippi,MS,1999,2.768619
Mississippi,MS,2000,2.848353
Mississippi,MS,2001,2.852994
Mississippi,MS,2002,2.858681
Mississippi,MS,2003,2.868312
Mississippi,MS,2004,2.88901
Mississippi,MS,2005,2.905943
Mississippi,MS,2006,2.904978
Mississippi,MS,2007,2.92835
Mississippi,MS,2008,2.947806
Mississippi,MS,2009,2.958774
Mississippi,MS,2010,2.970437
Mississippi,MS,2011,2.977452
Mississippi,MS,2012,2.982963
Mississippi,MS,2013,2.987721
Mississippi,MS,2014,2.988578
Mississippi,MS,2015,2.985297
Mississippi,MS,2016,2.985415
Mississippi,MS,2017,2.9841
Missouri,MO,1950,3.964
Missouri,MO,1951,4.015
Missouri,MO,1952,3.972
Missouri,MO,1953,4.02
Missouri,MO,1954,4.066
Missouri,MO,1955,4.134
Missouri,MO,1956,4.163
Missouri,MO,1957,4.189
Missouri,MO,1958,4.186
Missouri,MO,1959,4.258
Missouri,MO,1960,4.326
Missouri,MO,1961,4.349
Missouri,MO,1962,4.357
Missouri,MO,1963,4.392
Missouri,MO,1964,4.442
Missouri,MO,1965,4.467
Missouri,MO,1966,4.523
Missouri,MO,1967,4.539
Missouri,MO,1968,4.568
Missouri,MO,1969,4.64
Missouri,MO,1970,4.677623
Missouri,MO,1971,4.725764
Missouri,MO,1972,4.75878
Missouri,MO,1973,4.782645
Missouri,MO,1974,4.79593
Missouri,MO,1975,4.808308
Missouri,MO,1976,4.839029
Missouri,MO,1977,4.863173
Missouri,MO,1978,4.889399
Missouri,MO,1979,4.91243
Missouri,MO,1980,4.921966
Missouri,MO,1981,4.932064
Missouri,MO,1982,4.929451
Missouri,MO,1983,4.943733
Missouri,MO,1984,4.975278
Missouri,MO,1985,5.000268
Missouri,MO,1986,5.023068
Missouri,MO,1987,5.056696
Missouri,MO,1988,5.081736
Missouri,MO,1989,5.09583
Missouri,MO,1990,5.12637
Missouri,MO,1991,5.15777
Missouri,MO,1992,5.193686
Missouri,MO,1993,5.237757
Missouri,MO,1994,5.281206
Missouri,MO,1995,5.32461
Missouri,MO,1996,5.367888
Missouri,MO,1997,5.407113
Missouri,MO,1998,5.437562
Missouri,MO,1999,5.468338
Missouri,MO,2000,5.607285
Missouri,MO,2001,5.641142
Missouri,MO,2002,5.674825
Missouri,MO,2003,5.709403
Missouri,MO,2004,5.747741
Missouri,MO,2005,5.7903
Missouri,MO,2006,5.842704
Missouri,MO,2007,5.887612
Missouri,MO,2008,5.923916
Missouri,MO,2009,5.961088
Missouri,MO,2010,5.995681
Missouri,MO,2011,6.01028
Missouri,MO,2012,6.023267
Missouri,MO,2013,6.041142
Missouri,MO,2014,6.058014
Missouri,MO,2015,6.07264
Missouri,MO,2016,6.091176
Missouri,MO,2017,6.113532
Montana,MT,1950,0.593
Montana,MT,1951,0.596
Montana,MT,1952,0.602
Montana,MT,1953,0.616
Montana,MT,1954,0.624
Montana,MT,1955,0.636
Montana,MT,1956,0.656
Montana,MT,1957,0.667
Montana,MT,1958,0.666
Montana,MT,1959,0.669
Montana,MT,1960,0.679
Montana,MT,1961,0.696
Montana,MT,1962,0.698
Montana,MT,1963,0.703
Montana,MT,1964,0.706
Montana,MT,1965,0.706
Montana,MT,1966,0.707
Montana,MT,1967,0.701
Montana,MT,1968,0.7
Montana,MT,1969,0.694
Montana,MT,1970,0.694409
Montana,MT,1971,0.710814
Montana,MT,1972,0.718732
Montana,MT,1973,0.726798
Montana,MT,1974,0.736419
Montana,MT,1975,0.748208
Montana,MT,1976,0.757317
Montana,MT,1977,0.769953
Montana,MT,1978,0.782317
Montana,MT,1979,0.787305
Montana,MT,1980,0.788752
Montana,MT,1981,0.795328
Montana,MT,1982,0.803986
Montana,MT,1983,0.814031
Montana,MT,1984,0.820905
Montana,MT,1985,0.82232
Montana,MT,1986,0.813739
Montana,MT,1987,0.805063
Montana,MT,1988,0.800202
Montana,MT,1989,0.799636
Montana,MT,1990,0.799824
Montana,MT,1991,0.807837
Montana,MT,1992,0.822436
Montana,MT,1993,0.839876
Montana,MT,1994,0.854923
Montana,MT,1995,0.868522
Montana,MT,1996,0.876656
Montana,MT,1997,0.878706
Montana,MT,1998,0.879533
Montana,MT,1999,0.882779
Montana,MT,2000,0.903773
Montana,MT,2001,0.906961
Montana,MT,2002,0.911667
Montana,MT,2003,0.91963
Montana,MT,2004,0.930009
Montana,MT,2005,0.940102
Montana,MT,2006,0.952692
Montana,MT,2007,0.964706
Montana,MT,2008,0.976415
Montana,MT,2009,0.983982
Montana,MT,2010,0.990507
Montana,MT,2011,0.996866
Montana,MT,2012,1.003522
Montana,MT,2013,1.011921
Montana,MT,2014,1.019931
Montana,MT,2015,1.028317
Montana,MT,2016,1.038656
Montana,MT,2017,1.050493
Nebraska,NE,1950,1.327
Nebraska,NE,1951,1.316
Nebraska,NE,1952,1.311
Nebraska,NE,1953,1.318
Nebraska,NE,1954,1.34
Nebraska,NE,1955,1.374
Nebraska,NE,1956,1.397
Nebraska,NE,1957,1.394
Nebraska,NE,1958,1.383
Nebraska,NE,1959,1.397
Nebraska,NE,1960,1.417
Nebraska,NE,1961,1.446
Nebraska,NE,1962,1.464
Nebraska,NE,1963,1.476
Nebraska,NE,1964,1.482
Nebraska,NE,1965,1.471
Nebraska,NE,1966,1.456
Nebraska,NE,1967,1.457
Nebraska,NE,1968,1.467
Nebraska,NE,1969,1.474
Nebraska,NE,1970,1.485333
Nebraska,NE,1971,1.504604
Nebraska,NE,1972,1.519013
Nebraska,NE,1973,1.529567
Nebraska,NE,1974,1.539191
Nebraska,NE,1975,1.543117
Nebraska,NE,1976,1.550911
Nebraska,NE,1977,1.556842
Nebraska,NE,1978,1.563884
Nebraska,NE,1979,1.567344
Nebraska,NE,1980,1.572296
Nebraska,NE,1981,1.578515
Nebraska,NE,1982,1.58178
Nebraska,NE,1983,1.584293
Nebraska,NE,1984,1.588639
Nebraska,NE,1985,1.584664
Nebraska,NE,1986,1.574333
Nebraska,NE,1987,1.566547
Nebraska,NE,1988,1.571477
Nebraska,NE,1989,1.574864
Nebraska,NE,1990,1.580664
Nebraska,NE,1991,1.590805
Nebraska,NE,1992,1.602406
Nebraska,NE,1993,1.612149
Nebraska,NE,1994,1.621551
Nebraska,NE,1995,1.635142
Nebraska,NE,1996,1.647657
Nebraska,NE,1997,1.656042
Nebraska,NE,1998,1.660772
Nebraska,NE,1999,1.666028
Nebraska,NE,2000,1.71382
Nebraska,NE,2001,1.719836
Nebraska,NE,2002,1.728292
Nebraska,NE,2003,1.738643
Nebraska,NE,2004,1.74937
Nebraska,NE,2005,1.761497
Nebraska,NE,2006,1.772693
Nebraska,NE,2007,1.78344
Nebraska,NE,2008,1.796378
Nebraska,NE,2009,1.812683
Nebraska,NE,2010,1.829956
Nebraska,NE,2011,1.841641
Nebraska,NE,2012,1.854862
Nebraska,NE,2013,1.867414
Nebraska,NE,2014,1.88092
Nebraska,NE,2015,1.893564
Nebraska,NE,2016,1.907603
Nebraska,NE,2017,1.920076
Nevada,NV,1950,0.162
Nevada,NV,1951,0.168
Nevada,NV,1952,0.181
Nevada,NV,1953,0.195
Nevada,NV,1954,0.213
Nevada,NV,1955,0.237
Nevada,NV,1956,0.25
Nevada,NV,1957,0.26
Nevada,NV,1958,0.269
Nevada,NV,1959,0.279
Nevada,NV,1960,0.291
Nevada,NV,1961,0.315
Nevada,NV,1962,0.352
Nevada,NV,1963,0.397
Nevada,NV,1964,0.426
Nevada,NV,1965,0.444
Nevada,NV,1966,0.446
Nevada,NV,1967,0.449
Nevada,NV,1968,0.464
Nevada,NV,1969,0.48
Nevada,NV,1970,0.488738
Nevada,NV,1971,0.520018
Nevada,NV,1972,0.546789
Nevada,NV,1973,0.568991
Nevada,NV,1974,0.596822
Nevada,NV,1975,0.619972
Nevada,NV,1976,0.646975
Nevada,NV,1977,0.678333
Nevada,NV,1978,0.719436
Nevada,NV,1979,0.765367
Nevada,NV,1980,0.810215
Nevada,NV,1981,0.847655
Nevada,NV,1982,0.881537
Nevada,NV,1983,0.901977
Nevada,NV,1984,0.924922
Nevada,NV,1985,0.95103
Nevada,NV,1986,0.980613
Nevada,NV,1987,1.023376
Nevada,NV,1988,1.075022
Nevada,NV,1989,1.137382
Nevada,NV,1990,1.218629
Nevada,NV,1991,1.285046
Nevada,NV,1992,1.330694
Nevada,NV,1993,1.380197
Nevada,NV,1994,1.456388
Nevada,NV,1995,1.525777
Nevada,NV,1996,1.596476
Nevada,NV,1997,1.675581
Nevada,NV,1998,1.743772
Nevada,NV,1999,1.809253
Nevada,NV,2000,2.018741
Nevada,NV,2001,2.098399
Nevada,NV,2002,2.173791
Nevada,NV,2003,2.24885
Nevada,NV,2004,2.346222
Nevada,NV,2005,2.432143
Nevada,NV,2006,2.522658
Nevada,NV,2007,2.601072
Nevada,NV,2008,2.65363
Nevada,NV,2009,2.684665
Nevada,NV,2010,2.702797
Nevada,NV,2011,2.71817
Nevada,NV,2012,2.75241
Nevada,NV,2013,2.786547
Nevada,NV,2014,2.83173
Nevada,NV,2015,2.883057
Nevada,NV,2016,2.939254
Nevada,NV,2017,2.998039
New Hampshire,NH,1950,0.162
New Hampshire,NH,1951,0.168
New Hampshire,NH,1952,0.181
New Hampshire,NH,1953,0.195
New Hampshire,NH,1954,0.213
New Hampshire,NH,1955,0.237
New Hampshire,NH,1956,0.25
New Hampshire,NH,1957,0.26
New Hampshire,NH,1958,0.269
New Hampshire,NH,1959,0.279
New Hampshire,NH,1960,0.291
New Hampshire,NH,1961,0.315
New Hampshire,NH,1962,0.352
New Hampshire,NH,1963,0.397
New Hampshire,NH,1964,0.426
New Hampshire,NH,1965,0.444
New Hampshire,NH,1966,0.446
New Hampshire,NH,1967,0.449
New Hampshire,NH,1968,0.464
New Hampshire,NH,1969,0.48
New Hampshire,NH,1970,0.488738
New Hampshire,NH,1971,0.520018
New Hampshire,NH,1972,0.546789
New Hampshire,NH,1973,0.568991
New Hampshire,NH,1974,0.596822
New Hampshire,NH,1975,0.619972
New Hampshire,NH,1976,0.646975
New Hampshire,NH,1977,0.678333
New Hampshire,NH,1978,0.719436
New Hampshire,NH,1979,0.765367
New Hampshire,NH,1980,0.810215
New Hampshire,NH,1981,0.847655
New Hampshire,NH,1982,0.881537
New Hampshire,NH,1983,0.901977
New Hampshire,NH,1984,0.924922
New Hampshire,NH,1985,0.95103
New Hampshire,NH,1986,0.980613
New Hampshire,NH,1987,1.023376
New Hampshire,NH,1988,1.075022
New Hampshire,NH,1989,1.137382
New Hampshire,NH,1990,1.218629
New Hampshire,NH,1991,1.285046
New Hampshire,NH,1992,1.330694
New Hampshire,NH,1993,1.380197
New Hampshire,NH,1994,1.456388
New Hampshire,NH,1995,1.525777
New Hampshire,NH,1996,1.596476
New Hampshire,NH,1997,1.675581
New Hampshire,NH,1998,1.743772
New Hampshire,NH,1999,1.809253
New Hampshire,NH,2000,2.018741
New Hampshire,NH,2001,2.098399
New Hampshire,NH,2002,2.173791
New Hampshire,NH,2003,2.24885
New Hampshire,NH,2004,2.346222
New Hampshire,NH,2005,2.432143
New Hampshire,NH,2006,2.522658
New Hampshire,NH,2007,2.601072
New Hampshire,NH,2008,2.65363
New Hampshire,NH,2009,2.684665
New Hampshire,NH,2010,2.702797
New Hampshire,NH,2011,2.71817
New Hampshire,NH,2012,2.75241
New Hampshire,NH,2013,2.786547
New Hampshire,NH,2014,2.83173
New Hampshire,NH,2015,2.883057
New Hampshire,NH,2016,2.939254
New Hampshire,NH,2017,2.998039
New Jersey,NJ,1950,4.872
New Jersey,NJ,1951,5.006
New Jersey,NJ,1952,5.125
New Jersey,NJ,1953,5.229
New Jersey,NJ,1954,5.36
New Jersey,NJ,1955,5.502
New Jersey,NJ,1956,5.615
New Jersey,NJ,1957,5.737
New Jersey,NJ,1958,5.89
New Jersey,NJ,1959,6.015
New Jersey,NJ,1960,6.103
New Jersey,NJ,1961,6.265
New Jersey,NJ,1962,6.376
New Jersey,NJ,1963,6.531
New Jersey,NJ,1964,6.66
New Jersey,NJ,1965,6.767
New Jersey,NJ,1966,6.851
New Jersey,NJ,1967,6.928
New Jersey,NJ,1968,7.005
New Jersey,NJ,1969,7.095
New Jersey,NJ,1970,7.171112
New Jersey,NJ,1971,7.281107
New Jersey,NJ,1972,7.335042
New Jersey,NJ,1973,7.333083
New Jersey,NJ,1974,7.332411
New Jersey,NJ,1975,7.337765
New Jersey,NJ,1976,7.339745
New Jersey,NJ,1977,7.337169
New Jersey,NJ,1978,7.350804
New Jersey,NJ,1979,7.366512
New Jersey,NJ,1980,7.37633
New Jersey,NJ,1981,7.407472
New Jersey,NJ,1982,7.430968
New Jersey,NJ,1983,7.467785
New Jersey,NJ,1984,7.515473
New Jersey,NJ,1985,7.565528
New Jersey,NJ,1986,7.622159
New Jersey,NJ,1987,7.670742
New Jersey,NJ,1988,7.712333
New Jersey,NJ,1989,7.726089
New Jersey,NJ,1990,7.757158
New Jersey,NJ,1991,7.784269
New Jersey,NJ,1992,7.82777
New Jersey,NJ,1993,7.874891
New Jersey,NJ,1994,7.918796
New Jersey,NJ,1995,7.965523
New Jersey,NJ,1996,8.009624
New Jersey,NJ,1997,8.054178
New Jersey,NJ,1998,8.095542
New Jersey,NJ,1999,8.143412
New Jersey,NJ,2000,8.430621
New Jersey,NJ,2001,8.492671
New Jersey,NJ,2002,8.552643
New Jersey,NJ,2003,8.601402
New Jersey,NJ,2004,8.634561
New Jersey,NJ,2005,8.651974
New Jersey,NJ,2006,8.661679
New Jersey,NJ,2007,8.677885
New Jersey,NJ,2008,8.71109
New Jersey,NJ,2009,8.755602
New Jersey,NJ,2010,8.803708
New Jersey,NJ,2011,8.844694
New Jersey,NJ,2012,8.882095
New Jersey,NJ,2013,8.913735
New Jersey,NJ,2014,8.94301
New Jersey,NJ,2015,8.960001
New Jersey,NJ,2016,8.978416
New Jersey,NJ,2017,9.005644
New Mexico,NM,1950,4.872
New Mexico,NM,1951,5.006
New Mexico,NM,1952,5.125
New Mexico,NM,1953,5.229
New Mexico,NM,1954,5.36
New Mexico,NM,1955,5.502
New Mexico,NM,1956,5.615
New Mexico,NM,1957,5.737
New Mexico,NM,1958,5.89
New Mexico,NM,1959,6.015
New Mexico,NM,1960,6.103
New Mexico,NM,1961,6.265
New Mexico,NM,1962,6.376
New Mexico,NM,1963,6.531
New Mexico,NM,1964,6.66
New Mexico,NM,1965,6.767
New Mexico,NM,1966,6.851
New Mexico,NM,1967,6.928
New Mexico,NM,1968,7.005
New Mexico,NM,1969,7.095
New Mexico,NM,1970,7.171112
New Mexico,NM,1971,7.281107
New Mexico,NM,1972,7.335042
New Mexico,NM,1973,7.333083
New Mexico,NM,1974,7.332411
New Mexico,NM,1975,7.337765
New Mexico,NM,1976,7.339745
New Mexico,NM,1977,7.337169
New Mexico,NM,1978,7.350804
New Mexico,NM,1979,7.366512
New Mexico,NM,1980,7.37633
New Mexico,NM,1981,7.407472
New Mexico,NM,1982,7.430968
New Mexico,NM,1983,7.467785
New Mexico,NM,1984,7.515473
New Mexico,NM,1985,7.565528
New Mexico,NM,1986,7.622159
New Mexico,NM,1987,7.670742
New Mexico,NM,1988,7.712333
New Mexico,NM,1989,7.726089
New Mexico,NM,1990,7.757158
New Mexico,NM,1991,7.784269
New Mexico,NM,1992,7.82777
New Mexico,NM,1993,7.874891
New Mexico,NM,1994,7.918796
New Mexico,NM,1995,7.965523
New Mexico,NM,1996,8.009624
New Mexico,NM,1997,8.054178
New Mexico,NM,1998,8.095542
New Mexico,NM,1999,8.143412
New Mexico,NM,2000,8.430621
New Mexico,NM,2001,8.492671
New Mexico,NM,2002,8.552643
New Mexico,NM,2003,8.601402
New Mexico,NM,2004,8.634561
New Mexico,NM,2005,8.651974
New Mexico,NM,2006,8.661679
New Mexico,NM,2007,8.677885
New Mexico,NM,2008,8.71109
New Mexico,NM,2009,8.755602
New Mexico,NM,2010,8.803708
New Mexico,NM,2011,8.844694
New Mexico,NM,2012,8.882095
New Mexico,NM,2013,8.913735
New Mexico,NM,2014,8.94301
New Mexico,NM,2015,8.960001
New Mexico,NM,2016,8.978416
New Mexico,NM,2017,9.005644
New York,NY,1950,14.865
New York,NY,1951,14.89
New York,NY,1952,15.192
New York,NY,1953,15.527
New York,NY,1954,15.814
New York,NY,1955,15.966
New York,NY,1956,16.112
New York,NY,1957,16.374
New York,NY,1958,16.601
New York,NY,1959,16.685
New York,NY,1960,16.838
New York,NY,1961,17.061
New York,NY,1962,17.301
New York,NY,1963,17.461
New York,NY,1964,17.589
New York,NY,1965,17.734
New York,NY,1966,17.843
New York,NY,1967,17.935
New York,NY,1968,18.051
New York,NY,1969,18.105
New York,NY,1970,18.241391
New York,NY,1971,18.357982
New York,NY,1972,18.3394
New York,NY,1973,18.177063
New York,NY,1974,18.049775
New York,NY,1975,18.003485
New York,NY,1976,17.940541
New York,NY,1977,17.812602
New York,NY,1978,17.680589
New York,NY,1979,17.583838
New York,NY,1980,17.566754
New York,NY,1981,17.567734
New York,NY,1982,17.589738
New York,NY,1983,17.686905
New York,NY,1984,17.745684
New York,NY,1985,17.791672
New York,NY,1986,17.833419
New York,NY,1987,17.868848
New York,NY,1988,17.941309
New York,NY,1989,17.983086
New York,NY,1990,18.002855
New York,NY,1991,18.029532
New York,NY,1992,18.082032
New York,NY,1993,18.140894
New York,NY,1994,18.156652
New York,NY,1995,18.150928
New York,NY,1996,18.143805
New York,NY,1997,18.143184
New York,NY,1998,18.159175
New York,NY,1999,18.196601
New York,NY,2000,19.00178
New York,NY,2001,19.082838
New York,NY,2002,19.1378
New York,NY,2003,19.175939
New York,NY,2004,19.171567
New York,NY,2005,19.13261
New York,NY,2006,19.104631
New York,NY,2007,19.132335
New York,NY,2008,19.212436
New York,NY,2009,19.307066
New York,NY,2010,19.405185
New York,NY,2011,19.526372
New York,NY,2012,19.625409
New York,NY,2013,19.712514
New York,NY,2014,19.77358
New York,NY,2015,19.819347
New York,NY,2016,19.836286
New York,NY,2017,19.849399
North Carolina,NC,1950,4.068
North Carolina,NC,1951,4.12
North Carolina,NC,1952,4.109
North Carolina,NC,1953,4.12
North Carolina,NC,1954,4.131
North Carolina,NC,1955,4.242
North Carolina,NC,1956,4.309
North Carolina,NC,1957,4.368
North Carolina,NC,1958,4.376
North Carolina,NC,1959,4.458
North Carolina,NC,1960,4.573
North Carolina,NC,1961,4.663
North Carolina,NC,1962,4.707
North Carolina,NC,1963,4.742
North Carolina,NC,1964,4.802
North Carolina,NC,1965,4.863
North Carolina,NC,1966,4.896
North Carolina,NC,1967,4.952
North Carolina,NC,1968,5.004
North Carolina,NC,1969,5.031
North Carolina,NC,1970,5.084411
North Carolina,NC,1971,5.203531
North Carolina,NC,1972,5.30115
North Carolina,NC,1973,5.389852
North Carolina,NC,1974,5.470911
North Carolina,NC,1975,5.547188
North Carolina,NC,1976,5.607964
North Carolina,NC,1977,5.685607
North Carolina,NC,1978,5.759492
North Carolina,NC,1979,5.823491
North Carolina,NC,1980,5.89898
North Carolina,NC,1981,5.956653
North Carolina,NC,1982,6.019101
North Carolina,NC,1983,6.077056
North Carolina,NC,1984,6.164006
North Carolina,NC,1985,6.253954
North Carolina,NC,1986,6.321578
North Carolina,NC,1987,6.4037
North Carolina,NC,1988,6.480594
North Carolina,NC,1989,6.565459
North Carolina,NC,1990,6.656987
North Carolina,NC,1991,6.748135
North Carolina,NC,1992,6.83185
North Carolina,NC,1993,6.947412
North Carolina,NC,1994,7.060959
North Carolina,NC,1995,7.185403
North Carolina,NC,1996,7.307658
North Carolina,NC,1997,7.428672
North Carolina,NC,1998,7.545828
North Carolina,NC,1999,7.650789
North Carolina,NC,2000,8.081614
North Carolina,NC,2001,8.210122
North Carolina,NC,2002,8.326201
North Carolina,NC,2003,8.422501
North Carolina,NC,2004,8.553152
North Carolina,NC,2005,8.705407
North Carolina,NC,2006,8.91727
North Carolina,NC,2007,9.118037
North Carolina,NC,2008,9.309449
North Carolina,NC,2009,9.449566
North Carolina,NC,2010,9.574247
North Carolina,NC,2011,9.66294
North Carolina,NC,2012,9.755299
North Carolina,NC,2013,9.849812
North Carolina,NC,2014,9.94116
North Carolina,NC,2015,10.041769
North Carolina,NC,2016,10.156689
North Carolina,NC,2017,10.273419
North Dakota,ND,1950,0.619
North Dakota,ND,1951,0.604
North Dakota,ND,1952,0.608
North Dakota,ND,1953,0.609
North Dakota,ND,1954,0.611
North Dakota,ND,1955,0.615
North Dakota,ND,1956,0.613
North Dakota,ND,1957,0.612
North Dakota,ND,1958,0.606
North Dakota,ND,1959,0.618
North Dakota,ND,1960,0.634
North Dakota,ND,1961,0.641
North Dakota,ND,1962,0.637
North Dakota,ND,1963,0.644
North Dakota,ND,1964,0.649
North Dakota,ND,1965,0.649
North Dakota,ND,1966,0.647
North Dakota,ND,1967,0.626
North Dakota,ND,1968,0.621
North Dakota,ND,1969,0.621
North Dakota,ND,1970,0.617792
North Dakota,ND,1971,0.62676
North Dakota,ND,1972,0.631119
North Dakota,ND,1973,0.632675
North Dakota,ND,1974,0.634559
North Dakota,ND,1975,0.638886
North Dakota,ND,1976,0.645797
North Dakota,ND,1977,0.649769
North Dakota,ND,1978,0.651301
North Dakota,ND,1979,0.652896
North Dakota,ND,1980,0.65438
North Dakota,ND,1981,0.659505
North Dakota,ND,1982,0.668972
North Dakota,ND,1983,0.676688
North Dakota,ND,1984,0.680497
North Dakota,ND,1985,0.67698
North Dakota,ND,1986,0.669512
North Dakota,ND,1987,0.661136
North Dakota,ND,1988,0.655331
North Dakota,ND,1989,0.646351
North Dakota,ND,1990,0.637364
North Dakota,ND,1991,0.634199
North Dakota,ND,1992,0.635427
North Dakota,ND,1993,0.637229
North Dakota,ND,1994,0.639762
North Dakota,ND,1995,0.641548
North Dakota,ND,1996,0.642858
North Dakota,ND,1997,0.640945
North Dakota,ND,1998,0.637808
North Dakota,ND,1999,0.633666
North Dakota,ND,2000,0.642023
North Dakota,ND,2001,0.639062
North Dakota,ND,2002,0.638168
North Dakota,ND,2003,0.638817
North Dakota,ND,2004,0.644705
North Dakota,ND,2005,0.646089
North Dakota,ND,2006,0.649422
North Dakota,ND,2007,0.652822
North Dakota,ND,2008,0.657569
North Dakota,ND,2009,0.664968
North Dakota,ND,2010,0.674518
North Dakota,ND,2011,0.68483
North Dakota,ND,2012,0.70138
North Dakota,ND,2013,0.722908
North Dakota,ND,2014,0.738658
North Dakota,ND,2015,0.754859
North Dakota,ND,2016,0.755548
North Dakota,ND,2017,0.755393
Ohio,OH,1950,7.98
Ohio,OH,1951,8.061
Ohio,OH,1952,8.275
Ohio,OH,1953,8.591
Ohio,OH,1954,8.873
Ohio,OH,1955,9.017
Ohio,OH,1956,9.207
Ohio,OH,1957,9.41
Ohio,OH,1958,9.599
Ohio,OH,1959,9.671
Ohio,OH,1960,9.734
Ohio,OH,1961,9.854
Ohio,OH,1962,9.929
Ohio,OH,1963,9.986
Ohio,OH,1964,10.08
Ohio,OH,1965,10.201
Ohio,OH,1966,10.33
Ohio,OH,1967,10.414
Ohio,OH,1968,10.516
Ohio,OH,1969,10.563
Ohio,OH,1970,10.657423
Ohio,OH,1971,10.734818
Ohio,OH,1972,10.746993
Ohio,OH,1973,10.767314
Ohio,OH,1974,10.765759
Ohio,OH,1975,10.770425
Ohio,OH,1976,10.752662
Ohio,OH,1977,10.771394
Ohio,OH,1978,10.795581
Ohio,OH,1979,10.798298
Ohio,OH,1980,10.80065
Ohio,OH,1981,10.78833
Ohio,OH,1982,10.757087
Ohio,OH,1983,10.737632
Ohio,OH,1984,10.737746
Ohio,OH,1985,10.734926
Ohio,OH,1986,10.730268
Ohio,OH,1987,10.76009
Ohio,OH,1988,10.798552
Ohio,OH,1989,10.829217
Ohio,OH,1990,10.861837
Ohio,OH,1991,10.933683
Ohio,OH,1992,11.007609
Ohio,OH,1993,11.070385
Ohio,OH,1994,11.111451
Ohio,OH,1995,11.155493
Ohio,OH,1996,11.187032
Ohio,OH,1997,11.212498
Ohio,OH,1998,11.237752
Ohio,OH,1999,11.256654
Ohio,OH,2000,11.363543
Ohio,OH,2001,11.387404
Ohio,OH,2002,11.407889
Ohio,OH,2003,11.434788
Ohio,OH,2004,11.452251
Ohio,OH,2005,11.46332
Ohio,OH,2006,11.481213
Ohio,OH,2007,11.500468
Ohio,OH,2008,11.515391
Ohio,OH,2009,11.528896
Ohio,OH,2010,11.539282
Ohio,OH,2011,11.543332
Ohio,OH,2012,11.546969
Ohio,OH,2013,11.567845
Ohio,OH,2014,11.593741
Ohio,OH,2015,11.606027
Ohio,OH,2016,11.622554
Ohio,OH,2017,11.658609
Oklahoma,OK,1950,2.229
Oklahoma,OK,1951,2.21
Oklahoma,OK,1952,2.219
Oklahoma,OK,1953,2.182
Oklahoma,OK,1954,2.209
Oklahoma,OK,1955,2.25
Oklahoma,OK,1956,2.273
Oklahoma,OK,1957,2.282
Oklahoma,OK,1958,2.267
Oklahoma,OK,1959,2.289
Oklahoma,OK,1960,2.336
Oklahoma,OK,1961,2.38
Oklahoma,OK,1962,2.427
Oklahoma,OK,1963,2.439
Oklahoma,OK,1964,2.446
Oklahoma,OK,1965,2.44
Oklahoma,OK,1966,2.454
Oklahoma,OK,1967,2.489
Oklahoma,OK,1968,2.503
Oklahoma,OK,1969,2.535
Oklahoma,OK,1970,2.559463
Oklahoma,OK,1971,2.618601
Oklahoma,OK,1972,2.658646
Oklahoma,OK,1973,2.695931
Oklahoma,OK,1974,2.734768
Oklahoma,OK,1975,2.774683
Oklahoma,OK,1976,2.826815
Oklahoma,OK,1977,2.870014
Oklahoma,OK,1978,2.917336
Oklahoma,OK,1979,2.97531
Oklahoma,OK,1980,3.040758
Oklahoma,OK,1981,3.096164
Oklahoma,OK,1982,3.206123
Oklahoma,OK,1983,3.290402
Oklahoma,OK,1984,3.285533
Oklahoma,OK,1985,3.271332
Oklahoma,OK,1986,3.252735
Oklahoma,OK,1987,3.210122
Oklahoma,OK,1988,3.167057
Oklahoma,OK,1989,3.150307
Oklahoma,OK,1990,3.147105
Oklahoma,OK,1991,3.166471
Oklahoma,OK,1992,3.204174
Oklahoma,OK,1993,3.228829
Oklahoma,OK,1994,3.246119
Oklahoma,OK,1995,3.265547
Oklahoma,OK,1996,3.289634
Oklahoma,OK,1997,3.314259
Oklahoma,OK,1998,3.339478
Oklahoma,OK,1999,3.358044
Oklahoma,OK,2000,3.454365
Oklahoma,OK,2001,3.4671
Oklahoma,OK,2002,3.48908
Oklahoma,OK,2003,3.504892
Oklahoma,OK,2004,3.525233
Oklahoma,OK,2005,3.548597
Oklahoma,OK,2006,3.59409
Oklahoma,OK,2007,3.634349
Oklahoma,OK,2008,3.668976
Oklahoma,OK,2009,3.717572
Oklahoma,OK,2010,3.759529
Oklahoma,OK,2011,3.785232
Oklahoma,OK,2012,3.815298
Oklahoma,OK,2013,3.84984
Oklahoma,OK,2014,3.875008
Oklahoma,OK,2015,3.904353
Oklahoma,OK,2016,3.921207
Oklahoma,OK,2017,3.930864
Oregon,OR,1950,1.532
Oregon,OR,1951,1.556
Oregon,OR,1952,1.582
Oregon,OR,1953,1.601
Oregon,OR,1954,1.626
Oregon,OR,1955,1.659
Oregon,OR,1956,1.698
Oregon,OR,1957,1.712
Oregon,OR,1958,1.718
Oregon,OR,1959,1.746
Oregon,OR,1960,1.772
Oregon,OR,1961,1.787
Oregon,OR,1962,1.818
Oregon,OR,1963,1.853
Oregon,OR,1964,1.888
Oregon,OR,1965,1.937
Oregon,OR,1966,1.969
Oregon,OR,1967,1.979
Oregon,OR,1968,2.004
Oregon,OR,1969,2.062
Oregon,OR,1970,2.091533
Oregon,OR,1971,2.151022
Oregon,OR,1972,2.197297
Oregon,OR,1973,2.241932
Oregon,OR,1974,2.285013
Oregon,OR,1975,2.329661
Oregon,OR,1976,2.378262
Oregon,OR,1977,2.446673
Oregon,OR,1978,2.518298
Oregon,OR,1979,2.588012
Oregon,OR,1980,2.641218
Oregon,OR,1981,2.667982
Oregon,OR,1982,2.664922
Oregon,OR,1983,2.653066
Oregon,OR,1984,2.666588
Oregon,OR,1985,2.672652
Oregon,OR,1986,2.683528
Oregon,OR,1987,2.700991
Oregon,OR,1988,2.741297
Oregon,OR,1989,2.790575
Oregon,OR,1990,2.858547
Oregon,OR,1991,2.918745
Oregon,OR,1992,2.973934
Oregon,OR,1993,3.03449
Oregon,OR,1994,3.087142
Oregon,OR,1995,3.141421
Oregon,OR,1996,3.195087
Oregon,OR,1997,3.243254
Oregon,OR,1998,3.282055
Oregon,OR,1999,3.316154
Oregon,OR,2000,3.429708
Oregon,OR,2001,3.467937
Oregon,OR,2002,3.513424
Oregon,OR,2003,3.547376
Oregon,OR,2004,3.569463
Oregon,OR,2005,3.613202
Oregon,OR,2006,3.670883
Oregon,OR,2007,3.722417
Oregon,OR,2008,3.768748
Oregon,OR,2009,3.8086
Oregon,OR,2010,3.837073
Oregon,OR,2011,3.865845
Oregon,OR,2012,3.89392
Oregon,OR,2013,3.919664
Oregon,OR,2014,3.960673
Oregon,OR,2015,4.016537
Oregon,OR,2016,4.085989
Oregon,OR,2017,4.142776
Pennsylvania,PA,1950,10.507
Pennsylvania,PA,1951,10.461
Pennsylvania,PA,1952,10.503
Pennsylvania,PA,1953,10.662
Pennsylvania,PA,1954,10.817
Pennsylvania,PA,1955,10.939
Pennsylvania,PA,1956,10.972
Pennsylvania,PA,1957,10.954
Pennsylvania,PA,1958,11.058
Pennsylvania,PA,1959,11.234
Pennsylvania,PA,1960,11.329
Pennsylvania,PA,1961,11.392
Pennsylvania,PA,1962,11.355
Pennsylvania,PA,1963,11.424
Pennsylvania,PA,1964,11.519
Pennsylvania,PA,1965,11.62
Pennsylvania,PA,1966,11.664
Pennsylvania,PA,1967,11.681
Pennsylvania,PA,1968,11.741
Pennsylvania,PA,1969,11.741
Pennsylvania,PA,1970,11.800766
Pennsylvania,PA,1971,11.8864
Pennsylvania,PA,1972,11.908233
Pennsylvania,PA,1973,11.890527
Pennsylvania,PA,1974,11.870884
Pennsylvania,PA,1975,11.906095
Pennsylvania,PA,1976,11.897378
Pennsylvania,PA,1977,11.893591
Pennsylvania,PA,1978,11.879396
Pennsylvania,PA,1979,11.887975
Pennsylvania,PA,1980,11.868305
Pennsylvania,PA,1981,11.858567
Pennsylvania,PA,1982,11.845146
Pennsylvania,PA,1983,11.837723
Pennsylvania,PA,1984,11.815172
Pennsylvania,PA,1985,11.770862
Pennsylvania,PA,1986,11.782752
Pennsylvania,PA,1987,11.810866
Pennsylvania,PA,1988,11.845752
Pennsylvania,PA,1989,11.865996
Pennsylvania,PA,1990,11.895604
Pennsylvania,PA,1991,11.94316
Pennsylvania,PA,1992,11.980819
Pennsylvania,PA,1993,12.022128
Pennsylvania,PA,1994,12.042545
Pennsylvania,PA,1995,12.04478
Pennsylvania,PA,1996,12.038008
Pennsylvania,PA,1997,12.015888
Pennsylvania,PA,1998,12.002329
Pennsylvania,PA,1999,11.994016
Pennsylvania,PA,2000,12.284173
Pennsylvania,PA,2001,12.29897
Pennsylvania,PA,2002,12.331031
Pennsylvania,PA,2003,12.374658
Pennsylvania,PA,2004,12.410722
Pennsylvania,PA,2005,12.44999
Pennsylvania,PA,2006,12.510809
Pennsylvania,PA,2007,12.563937
Pennsylvania,PA,2008,12.612285
Pennsylvania,PA,2009,12.666858
Pennsylvania,PA,2010,12.711063
Pennsylvania,PA,2011,12.742811
Pennsylvania,PA,2012,12.768034
Pennsylvania,PA,2013,12.77845
Pennsylvania,PA,2014,12.790341
Pennsylvania,PA,2015,12.791124
Pennsylvania,PA,2016,12.787085
Pennsylvania,PA,2017,12.805537
Rhode Island,RI,1950,0.786
Rhode Island,RI,1951,0.784
Rhode Island,RI,1952,0.802
Rhode Island,RI,1953,0.815
Rhode Island,RI,1954,0.816
Rhode Island,RI,1955,0.823
Rhode Island,RI,1956,0.84
Rhode Island,RI,1957,0.851
Rhode Island,RI,1958,0.858
Rhode Island,RI,1959,0.857
Rhode Island,RI,1960,0.855
Rhode Island,RI,1961,0.858
Rhode Island,RI,1962,0.871
Rhode Island,RI,1963,0.876
Rhode Island,RI,1964,0.885
Rhode Island,RI,1965,0.893
Rhode Island,RI,1966,0.899
Rhode Island,RI,1967,0.909
Rhode Island,RI,1968,0.922
Rhode Island,RI,1969,0.932
Rhode Island,RI,1970,0.949723
Rhode Island,RI,1971,0.963107
Rhode Island,RI,1972,0.97479
Rhode Island,RI,1973,0.975738
Rhode Island,RI,1974,0.950615
Rhode Island,RI,1975,0.942788
Rhode Island,RI,1976,0.946089
Rhode Island,RI,1977,0.95023
Rhode Island,RI,1978,0.951816
Rhode Island,RI,1979,0.950382
Rhode Island,RI,1980,0.948773
Rhode Island,RI,1981,0.953013
Rhode Island,RI,1982,0.95417
Rhode Island,RI,1983,0.956382
Rhode Island,RI,1984,0.961894
Rhode Island,RI,1985,0.968955
Rhode Island,RI,1986,0.977341
Rhode Island,RI,1987,0.989604
Rhode Island,RI,1988,0.996408
Rhode Island,RI,1989,1.000666
Rhode Island,RI,1990,1.004649
Rhode Island,RI,1991,1.00399
Rhode Island,RI,1992,1.000571
Rhode Island,RI,1993,0.997852
Rhode Island,RI,1994,0.993412
Rhode Island,RI,1995,0.989203
Rhode Island,RI,1996,0.987858
Rhode Island,RI,1997,0.986966
Rhode Island,RI,1998,0.987704
Rhode Island,RI,1999,0.990819
Rhode Island,RI,2000,1.050268
Rhode Island,RI,2001,1.057142
Rhode Island,RI,2002,1.065995
Rhode Island,RI,2003,1.071342
Rhode Island,RI,2004,1.074579
Rhode Island,RI,2005,1.067916
Rhode Island,RI,2006,1.063096
Rhode Island,RI,2007,1.057315
Rhode Island,RI,2008,1.055003
Rhode Island,RI,2009,1.053646
Rhode Island,RI,2010,1.053169
Rhode Island,RI,2011,1.052154
Rhode Island,RI,2012,1.052761
Rhode Island,RI,2013,1.052784
Rhode Island,RI,2014,1.054782
Rhode Island,RI,2015,1.055916
Rhode Island,RI,2016,1.057566
Rhode Island,RI,2017,1.059639
South Carolina,SC,1950,2.113
South Carolina,SC,1951,2.167
South Carolina,SC,1952,2.178
South Carolina,SC,1953,2.181
South Carolina,SC,1954,2.176
South Carolina,SC,1955,2.2
South Carolina,SC,1956,2.229
South Carolina,SC,1957,2.274
South Carolina,SC,1958,2.304
South Carolina,SC,1959,2.348
South Carolina,SC,1960,2.392
South Carolina,SC,1961,2.409
South Carolina,SC,1962,2.423
South Carolina,SC,1963,2.46
South Carolina,SC,1964,2.475
South Carolina,SC,1965,2.494
South Carolina,SC,1966,2.52
South Carolina,SC,1967,2.533
South Carolina,SC,1968,2.559
South Carolina,SC,1969,2.57
South Carolina,SC,1970,2.590713
South Carolina,SC,1971,2.662269
South Carolina,SC,1972,2.719197
South Carolina,SC,1973,2.776605
South Carolina,SC,1974,2.844749
South Carolina,SC,1975,2.902028
South Carolina,SC,1976,2.943657
South Carolina,SC,1977,2.991681
South Carolina,SC,1978,3.044364
South Carolina,SC,1979,3.090267
South Carolina,SC,1980,3.134502
South Carolina,SC,1981,3.179255
South Carolina,SC,1982,3.207614
South Carolina,SC,1983,3.234066
South Carolina,SC,1984,3.271868
South Carolina,SC,1985,3.303209
South Carolina,SC,1986,3.342758
South Carolina,SC,1987,3.380506
South Carolina,SC,1988,3.412096
South Carolina,SC,1989,3.456775
South Carolina,SC,1990,3.499064
South Carolina,SC,1991,3.55947
South Carolina,SC,1992,3.600576
South Carolina,SC,1993,3.634507
South Carolina,SC,1994,3.666456
South Carolina,SC,1995,3.699943
South Carolina,SC,1996,3.738974
South Carolina,SC,1997,3.790066
South Carolina,SC,1998,3.839578
South Carolina,SC,1999,3.885736
South Carolina,SC,2000,4.024223
South Carolina,SC,2001,4.064995
South Carolina,SC,2002,4.107795
South Carolina,SC,2003,4.150297
South Carolina,SC,2004,4.210921
South Carolina,SC,2005,4.27015
South Carolina,SC,2006,4.357847
South Carolina,SC,2007,4.44411
South Carolina,SC,2008,4.528996
South Carolina,SC,2009,4.589872
South Carolina,SC,2010,4.635834
South Carolina,SC,2011,4.672744
South Carolina,SC,2012,4.719009
South Carolina,SC,2013,4.765862
South Carolina,SC,2014,4.824758
South Carolina,SC,2015,4.892423
South Carolina,SC,2016,4.959822
South Carolina,SC,2017,5.024369
South Dakota,SD,1950,0.655
South Dakota,SD,1951,0.655
South Dakota,SD,1952,0.651
South Dakota,SD,1953,0.648
South Dakota,SD,1954,0.655
South Dakota,SD,1955,0.663
South Dakota,SD,1956,0.67
South Dakota,SD,1957,0.666
South Dakota,SD,1958,0.656
South Dakota,SD,1959,0.667
South Dakota,SD,1960,0.683
South Dakota,SD,1961,0.693
South Dakota,SD,1962,0.705
South Dakota,SD,1963,0.708
South Dakota,SD,1964,0.701
South Dakota,SD,1965,0.692
South Dakota,SD,1966,0.683
South Dakota,SD,1967,0.671
South Dakota,SD,1968,0.669
South Dakota,SD,1969,0.668
South Dakota,SD,1970,0.666257
South Dakota,SD,1971,0.671297
South Dakota,SD,1972,0.677234
South Dakota,SD,1973,0.678715
South Dakota,SD,1974,0.679585
South Dakota,SD,1975,0.681042
South Dakota,SD,1976,0.68639
South Dakota,SD,1977,0.68848
South Dakota,SD,1978,0.68858
South Dakota,SD,1979,0.688335
South Dakota,SD,1980,0.690851
South Dakota,SD,1981,0.689584
South Dakota,SD,1982,0.690597
South Dakota,SD,1983,0.693008
South Dakota,SD,1984,0.697249
South Dakota,SD,1985,0.698402
South Dakota,SD,1986,0.696034
South Dakota,SD,1987,0.696036
South Dakota,SD,1988,0.698165
South Dakota,SD,1989,0.696701
South Dakota,SD,1990,0.696667
South Dakota,SD,1991,0.701445
South Dakota,SD,1992,0.708698
South Dakota,SD,1993,0.716258
South Dakota,SD,1994,0.723038
South Dakota,SD,1995,0.728251
South Dakota,SD,1996,0.730699
South Dakota,SD,1997,0.730855
South Dakota,SD,1998,0.730789
South Dakota,SD,1999,0.733133
South Dakota,SD,2000,0.755844
South Dakota,SD,2001,0.757972
South Dakota,SD,2002,0.76002
South Dakota,SD,2003,0.763729
South Dakota,SD,2004,0.770396
South Dakota,SD,2005,0.775493
South Dakota,SD,2006,0.783033
South Dakota,SD,2007,0.791623
South Dakota,SD,2008,0.799124
South Dakota,SD,2009,0.807067
South Dakota,SD,2010,0.816227
South Dakota,SD,2011,0.823338
South Dakota,SD,2012,0.832576
South Dakota,SD,2013,0.842513
South Dakota,SD,2014,0.849455
South Dakota,SD,2015,0.854036
South Dakota,SD,2016,0.861542
South Dakota,SD,2017,0.869666
Tennessee,TN,1950,3.315
Tennessee,TN,1951,3.372
Tennessee,TN,1952,3.352
Tennessee,TN,1953,3.319
Tennessee,TN,1954,3.359
Tennessee,TN,1955,3.415
Tennessee,TN,1956,3.415
Tennessee,TN,1957,3.434
Tennessee,TN,1958,3.471
Tennessee,TN,1959,3.522
Tennessee,TN,1960,3.575
Tennessee,TN,1961,3.622
Tennessee,TN,1962,3.673
Tennessee,TN,1963,3.718
Tennessee,TN,1964,3.771
Tennessee,TN,1965,3.798
Tennessee,TN,1966,3.822
Tennessee,TN,1967,3.859
Tennessee,TN,1968,3.878
Tennessee,TN,1969,3.897
Tennessee,TN,1970,3.926018
Tennessee,TN,1971,4.013608
Tennessee,TN,1972,4.094611
Tennessee,TN,1973,4.147401
Tennessee,TN,1974,4.213509
Tennessee,TN,1975,4.275566
Tennessee,TN,1976,4.346928
Tennessee,TN,1977,4.422921
Tennessee,TN,1978,4.486314
Tennessee,TN,1979,4.560473
Tennessee,TN,1980,4.600252
Tennessee,TN,1981,4.627658
Tennessee,TN,1982,4.646041
Tennessee,TN,1983,4.659749
Tennessee,TN,1984,4.686737
Tennessee,TN,1985,4.715296
Tennessee,TN,1986,4.738708
Tennessee,TN,1987,4.782927
Tennessee,TN,1988,4.822437
Tennessee,TN,1989,4.854444
Tennessee,TN,1990,4.890626
Tennessee,TN,1991,4.946886
Tennessee,TN,1992,5.013999
Tennessee,TN,1993,5.085666
Tennessee,TN,1994,5.163016
Tennessee,TN,1995,5.241168
Tennessee,TN,1996,5.313576
Tennessee,TN,1997,5.378433
Tennessee,TN,1998,5.432679
Tennessee,TN,1999,5.483535
Tennessee,TN,2000,5.703719
Tennessee,TN,2001,5.750789
Tennessee,TN,2002,5.795918
Tennessee,TN,2003,5.847812
Tennessee,TN,2004,5.910809
Tennessee,TN,2005,5.991057
Tennessee,TN,2006,6.088766
Tennessee,TN,2007,6.175727
Tennessee,TN,2008,6.247411
Tennessee,TN,2009,6.306019
Tennessee,TN,2010,6.355882
Tennessee,TN,2011,6.396281
Tennessee,TN,2012,6.450632
Tennessee,TN,2013,6.490795
Tennessee,TN,2014,6.540007
Tennessee,TN,2015,6.590726
Tennessee,TN,2016,6.649404
Tennessee,TN,2017,6.715984
Texas,TX,1950,7.776
Texas,TX,1951,8.111
Texas,TX,1952,8.314
Texas,TX,1953,8.336
Texas,TX,1954,8.382
Texas,TX,1955,8.66
Texas,TX,1956,8.83
Texas,TX,1957,9.07
Texas,TX,1958,9.252
Texas,TX,1959,9.405
Texas,TX,1960,9.624
Texas,TX,1961,9.82
Texas,TX,1962,10.053
Texas,TX,1963,10.159
Texas,TX,1964,10.27
Texas,TX,1965,10.378
Texas,TX,1966,10.492
Texas,TX,1967,10.599
Texas,TX,1968,10.819
Texas,TX,1969,11.045
Texas,TX,1970,11.198655
Texas,TX,1971,11.509848
Texas,TX,1972,11.759148
Texas,TX,1973,12.019543
Texas,TX,1974,12.268629
Texas,TX,1975,12.568843
Texas,TX,1976,12.904089
Texas,TX,1977,13.19305
Texas,TX,1978,13.500429
Texas,TX,1979,13.888371
Texas,TX,1980,14.338208
Texas,TX,1981,14.746318
Texas,TX,1982,15.331415
Texas,TX,1983,15.751676
Texas,TX,1984,16.007086
Texas,TX,1985,16.272734
Texas,TX,1986,16.561113
Texas,TX,1987,16.621791
Texas,TX,1988,16.667022
Texas,TX,1989,16.806735
Texas,TX,1990,17.044714
Texas,TX,1991,17.339904
Texas,TX,1992,17.650479
Texas,TX,1993,17.996764
Texas,TX,1994,18.338319
Texas,TX,1995,18.679706
Texas,TX,1996,19.00624
Texas,TX,1997,19.355427
Texas,TX,1998,19.712389
Texas,TX,1999,20.044141
Texas,TX,2000,20.944499
Texas,TX,2001,21.319622
Texas,TX,2002,21.690325
Texas,TX,2003,22.030931
Texas,TX,2004,22.394023
Texas,TX,2005,22.778123
Texas,TX,2006,23.35958
Texas,TX,2007,23.831983
Texas,TX,2008,24.309039
Texas,TX,2009,24.801761
Texas,TX,2010,25.241648
Texas,TX,2011,25.644424
Texas,TX,2012,26.078327
Texas,TX,2013,26.479279
Texas,TX,2014,26.954436
Texas,TX,2015,27.45488
Texas,TX,2016,27.904862
Texas,TX,2017,28.304596
Utah,UT,1950,0.696
Utah,UT,1951,0.706
Utah,UT,1952,0.724
Utah,UT,1953,0.739
Utah,UT,1954,0.75
Utah,UT,1955,0.783
Utah,UT,1956,0.809
Utah,UT,1957,0.826
Utah,UT,1958,0.845
Utah,UT,1959,0.87
Utah,UT,1960,0.9
Utah,UT,1961,0.936
Utah,UT,1962,0.958
Utah,UT,1963,0.974
Utah,UT,1964,0.978
Utah,UT,1965,0.994
Utah,UT,1966,1.009
Utah,UT,1967,1.019
Utah,UT,1968,1.029
Utah,UT,1969,1.047
Utah,UT,1970,1.059273
Utah,UT,1971,1.101192
Utah,UT,1972,1.135449
Utah,UT,1973,1.17004
Utah,UT,1974,1.200471
Utah,UT,1975,1.23603
Utah,UT,1976,1.274928
Utah,UT,1977,1.319512
Utah,UT,1978,1.36751
Utah,UT,1979,1.420238
Utah,UT,1980,1.472595
Utah,UT,1981,1.515471
Utah,UT,1982,1.558314
Utah,UT,1983,1.594943
Utah,UT,1984,1.622342
Utah,UT,1985,1.64291
Utah,UT,1986,1.662834
Utah,UT,1987,1.678119
Utah,UT,1988,1.689372
Utah,UT,1989,1.705864
Utah,UT,1990,1.729722
Utah,UT,1991,1.771941
Utah,UT,1992,1.821498
Utah,UT,1993,1.875993
Utah,UT,1994,1.930436
Utah,UT,1995,1.976774
Utah,UT,1996,2.022253
Utah,UT,1997,2.065397
Utah,UT,1998,2.100562
Utah,UT,1999,2.129836
Utah,UT,2000,2.244502
Utah,UT,2001,2.283715
Utah,UT,2002,2.324815
Utah,UT,2003,2.360137
Utah,UT,2004,2.40158
Utah,UT,2005,2.457719
Utah,UT,2006,2.525507
Utah,UT,2007,2.597746
Utah,UT,2008,2.663029
Utah,UT,2009,2.723421
Utah,UT,2010,2.77526
Utah,UT,2011,2.81543
Utah,UT,2012,2.854222
Utah,UT,2013,2.899961
Utah,UT,2014,2.938671
Utah,UT,2015,2.984917
Utah,UT,2016,3.044321
Utah,UT,2017,3.101833
Vermont,VT,1950,0.379
Vermont,VT,1951,0.378
Vermont,VT,1952,0.375
Vermont,VT,1953,0.379
Vermont,VT,1954,0.377
Vermont,VT,1955,0.375
Vermont,VT,1956,0.377
Vermont,VT,1957,0.376
Vermont,VT,1958,0.38
Vermont,VT,1959,0.387
Vermont,VT,1960,0.389
Vermont,VT,1961,0.39
Vermont,VT,1962,0.393
Vermont,VT,1963,0.397
Vermont,VT,1964,0.399
Vermont,VT,1965,0.404
Vermont,VT,1966,0.413
Vermont,VT,1967,0.423
Vermont,VT,1968,0.43
Vermont,VT,1969,0.437
Vermont,VT,1970,0.444732
Vermont,VT,1971,0.454318
Vermont,VT,1972,0.463143
Vermont,VT,1973,0.46843
Vermont,VT,1974,0.473002
Vermont,VT,1975,0.479713
Vermont,VT,1976,0.484928
Vermont,VT,1977,0.491931
Vermont,VT,1978,0.498109
Vermont,VT,1979,0.505372
Vermont,VT,1980,0.512524
Vermont,VT,1981,0.515594
Vermont,VT,1982,0.519109
Vermont,VT,1983,0.523302
Vermont,VT,1984,0.52666
Vermont,VT,1985,0.530035
Vermont,VT,1986,0.534066
Vermont,VT,1987,0.540267
Vermont,VT,1988,0.549763
Vermont,VT,1989,0.557707
Vermont,VT,1990,0.564526
Vermont,VT,1991,0.567141
Vermont,VT,1992,0.570115
Vermont,VT,1993,0.574004
Vermont,VT,1994,0.5789
Vermont,VT,1995,0.582827
Vermont,VT,1996,0.586352
Vermont,VT,1997,0.588665
Vermont,VT,1998,0.590579
Vermont,VT,1999,0.59374
Vermont,VT,2000,0.609618
Vermont,VT,2001,0.612223
Vermont,VT,2002,0.615442
Vermont,VT,2003,0.617858
Vermont,VT,2004,0.61992
Vermont,VT,2005,0.621215
Vermont,VT,2006,0.622892
Vermont,VT,2007,0.623481
Vermont,VT,2008,0.624151
Vermont,VT,2009,0.624817
Vermont,VT,2010,0.625842
Vermont,VT,2011,0.62621
Vermont,VT,2012,0.625606
Vermont,VT,2013,0.626044
Vermont,VT,2014,0.625665
Vermont,VT,2015,0.624455
Vermont,VT,2016,0.623354
Vermont,VT,2017,0.623657
Virginia,VA,1950,3.315
Virginia,VA,1951,3.434
Virginia,VA,1952,3.504
Virginia,VA,1953,3.557
Virginia,VA,1954,3.555
Virginia,VA,1955,3.588
Virginia,VA,1956,3.722
Virginia,VA,1957,3.844
Virginia,VA,1958,3.914
Virginia,VA,1959,3.951
Virginia,VA,1960,3.986
Virginia,VA,1961,4.095
Virginia,VA,1962,4.18
Virginia,VA,1963,4.276
Virginia,VA,1964,4.357
Virginia,VA,1965,4.411
Virginia,VA,1966,4.456
Virginia,VA,1967,4.508
Virginia,VA,1968,4.558
Virginia,VA,1969,4.614
Virginia,VA,1970,4.651448
Virginia,VA,1971,4.750838
Virginia,VA,1972,4.824472
Virginia,VA,1973,4.901292
Virginia,VA,1974,4.971069
Virginia,VA,1975,5.047395
Virginia,VA,1976,5.121863
Virginia,VA,1977,5.193112
Virginia,VA,1978,5.27024
Virginia,VA,1979,5.307945
Virginia,VA,1980,5.368334
Virginia,VA,1981,5.444097
Virginia,VA,1982,5.492783
Virginia,VA,1983,5.564657
Virginia,VA,1984,5.64387
Virginia,VA,1985,5.715153
Virginia,VA,1986,5.8117
Virginia,VA,1987,5.932268
Virginia,VA,1988,6.036909
Virginia,VA,1989,6.120246
Virginia,VA,1990,6.213526
Virginia,VA,1991,6.283853
Virginia,VA,1992,6.383315
Virginia,VA,1993,6.464795
Virginia,VA,1994,6.536771
Virginia,VA,1995,6.601392
Virginia,VA,1996,6.665491
Virginia,VA,1997,6.732878
Virginia,VA,1998,6.789225
Virginia,VA,1999,6.872912
Virginia,VA,2000,7.105817
Virginia,VA,2001,7.198362
Virginia,VA,2002,7.286873
Virginia,VA,2003,7.366977
Virginia,VA,2004,7.475575
Virginia,VA,2005,7.577105
Virginia,VA,2006,7.673725
Virginia,VA,2007,7.751
Virginia,VA,2008,7.833496
Virginia,VA,2009,7.925937
Virginia,VA,2010,8.025206
Virginia,VA,2011,8.107548
Virginia,VA,2012,8.188656
Virginia,VA,2013,8.261689
Virginia,VA,2014,8.316902
Virginia,VA,2015,8.366767
Virginia,VA,2016,8.41438
Virginia,VA,2017,8.47002
Washington,WA,1950,2.387
Washington,WA,1951,2.424
Washington,WA,1952,2.448
Washington,WA,1953,2.466
Washington,WA,1954,2.516
Washington,WA,1955,2.604
Washington,WA,1956,2.668
Washington,WA,1957,2.724
Washington,WA,1958,2.773
Washington,WA,1959,2.821
Washington,WA,1960,2.855
Washington,WA,1961,2.882
Washington,WA,1962,2.942
Washington,WA,1963,2.955
Washington,WA,1964,2.961
Washington,WA,1965,2.967
Washington,WA,1966,3.057
Washington,WA,1967,3.174
Washington,WA,1968,3.27
Washington,WA,1969,3.343
Washington,WA,1970,3.413244
Washington,WA,1971,3.447553
Washington,WA,1972,3.447885
Washington,WA,1973,3.478782
Washington,WA,1974,3.549946
Washington,WA,1975,3.621339
Washington,WA,1976,3.69361
Washington,WA,1977,3.77605
Washington,WA,1978,3.889073
Washington,WA,1979,4.017632
Washington,WA,1980,4.154678
Washington,WA,1981,4.235731
Washington,WA,1982,4.276552
Washington,WA,1983,4.300266
Washington,WA,1984,4.343656
Washington,WA,1985,4.400098
Washington,WA,1986,4.45272
Washington,WA,1987,4.531901
Washington,WA,1988,4.639893
Washington,WA,1989,4.746316
Washington,WA,1990,4.90078
Washington,WA,1991,5.013443
Washington,WA,1992,5.139011
Washington,WA,1993,5.247704
Washington,WA,1994,5.334896
Washington,WA,1995,5.431024
Washington,WA,1996,5.509963
Washington,WA,1997,5.604105
Washington,WA,1998,5.687832
Washington,WA,1999,5.756361
Washington,WA,2000,5.910512
Washington,WA,2001,5.985722
Washington,WA,2002,6.052349
Washington,WA,2003,6.104115
Washington,WA,2004,6.178645
Washington,WA,2005,6.257305
Washington,WA,2006,6.370753
Washington,WA,2007,6.461587
Washington,WA,2008,6.562231
Washington,WA,2009,6.667426
Washington,WA,2010,6.741386
Washington,WA,2011,6.819155
Washington,WA,2012,6.890899
Washington,WA,2013,6.96341
Washington,WA,2014,7.046931
Washington,WA,2015,7.152818
Washington,WA,2016,7.280934
Washington,WA,2017,7.405743
West Virginia,WV,1950,2.006
West Virginia,WV,1951,1.984
West Virginia,WV,1952,1.957
West Virginia,WV,1953,1.929
West Virginia,WV,1954,1.905
West Virginia,WV,1955,1.88
West Virginia,WV,1956,1.857
West Virginia,WV,1957,1.843
West Virginia,WV,1958,1.845
West Virginia,WV,1959,1.855
West Virginia,WV,1960,1.853
West Virginia,WV,1961,1.828
West Virginia,WV,1962,1.809
West Virginia,WV,1963,1.796
West Virginia,WV,1964,1.797
West Virginia,WV,1965,1.786
West Virginia,WV,1966,1.775
West Virginia,WV,1967,1.769
West Virginia,WV,1968,1.763
West Virginia,WV,1969,1.746
West Virginia,WV,1970,1.744237
West Virginia,WV,1971,1.770657
West Virginia,WV,1972,1.797648
West Virginia,WV,1973,1.80636
West Virginia,WV,1974,1.815447
West Virginia,WV,1975,1.84225
West Virginia,WV,1976,1.879503
West Virginia,WV,1977,1.908088
West Virginia,WV,1978,1.923395
West Virginia,WV,1979,1.942146
West Virginia,WV,1980,1.951349
West Virginia,WV,1981,1.954124
West Virginia,WV,1982,1.949604
West Virginia,WV,1983,1.945061
West Virginia,WV,1984,1.927697
West Virginia,WV,1985,1.906831
West Virginia,WV,1986,1.88235
West Virginia,WV,1987,1.857585
West Virginia,WV,1988,1.830215
West Virginia,WV,1989,1.806568
West Virginia,WV,1990,1.792481
West Virginia,WV,1991,1.798212
West Virginia,WV,1992,1.805462
West Virginia,WV,1993,1.816179
West Virginia,WV,1994,1.81849
West Virginia,WV,1995,1.82056
West Virginia,WV,1996,1.818983
West Virginia,WV,1997,1.815588
West Virginia,WV,1998,1.811688
West Virginia,WV,1999,1.806928
West Virginia,WV,2000,1.807021
West Virginia,WV,2001,1.801481
West Virginia,WV,2002,1.805414
West Virginia,WV,2003,1.812295
West Virginia,WV,2004,1.816438
West Virginia,WV,2005,1.820492
West Virginia,WV,2006,1.827912
West Virginia,WV,2007,1.834052
West Virginia,WV,2008,1.84031
West Virginia,WV,2009,1.847775
West Virginia,WV,2010,1.854315
West Virginia,WV,2011,1.854891
West Virginia,WV,2012,1.85536
West Virginia,WV,2013,1.852333
West Virginia,WV,2014,1.847624
West Virginia,WV,2015,1.839767
West Virginia,WV,2016,1.828637
West Virginia,WV,2017,1.815857
Wisconsin,WI,1950,3.438
Wisconsin,WI,1951,3.439
Wisconsin,WI,1952,3.469
Wisconsin,WI,1953,3.506
Wisconsin,WI,1954,3.608
Wisconsin,WI,1955,3.679
Wisconsin,WI,1956,3.742
Wisconsin,WI,1957,3.791
Wisconsin,WI,1958,3.843
Wisconsin,WI,1959,3.891
Wisconsin,WI,1960,3.962
Wisconsin,WI,1961,4.009
Wisconsin,WI,1962,4.049
Wisconsin,WI,1963,4.112
Wisconsin,WI,1964,4.165
Wisconsin,WI,1965,4.232
Wisconsin,WI,1966,4.274
Wisconsin,WI,1967,4.303
Wisconsin,WI,1968,4.345
Wisconsin,WI,1969,4.378
Wisconsin,WI,1970,4.417821
Wisconsin,WI,1971,4.462155
Wisconsin,WI,1972,4.502412
Wisconsin,WI,1973,4.524244
Wisconsin,WI,1974,4.545782
Wisconsin,WI,1975,4.578986
Wisconsin,WI,1976,4.595904
Wisconsin,WI,1977,4.626514
Wisconsin,WI,1978,4.646108
Wisconsin,WI,1979,4.682811
Wisconsin,WI,1980,4.712045
Wisconsin,WI,1981,4.726343
Wisconsin,WI,1982,4.72887
Wisconsin,WI,1983,4.721438
Wisconsin,WI,1984,4.735563
Wisconsin,WI,1985,4.747767
Wisconsin,WI,1986,4.755618
Wisconsin,WI,1987,4.777919
Wisconsin,WI,1988,4.822388
Wisconsin,WI,1989,4.856574
Wisconsin,WI,1990,4.902265
Wisconsin,WI,1991,4.952675
Wisconsin,WI,1992,5.004636
Wisconsin,WI,1993,5.055318
Wisconsin,WI,1994,5.095504
Wisconsin,WI,1995,5.137004
Wisconsin,WI,1996,5.173828
Wisconsin,WI,1997,5.200235
Wisconsin,WI,1998,5.222124
Wisconsin,WI,1999,5.250446
Wisconsin,WI,2000,5.373999
Wisconsin,WI,2001,5.406835
Wisconsin,WI,2002,5.445162
Wisconsin,WI,2003,5.479203
Wisconsin,WI,2004,5.514026
Wisconsin,WI,2005,5.546166
Wisconsin,WI,2006,5.577655
Wisconsin,WI,2007,5.610775
Wisconsin,WI,2008,5.640996
Wisconsin,WI,2009,5.669264
Wisconsin,WI,2010,5.690403
Wisconsin,WI,2011,5.705812
Wisconsin,WI,2012,5.721075
Wisconsin,WI,2013,5.736673
Wisconsin,WI,2014,5.751272
Wisconsin,WI,2015,5.759744
Wisconsin,WI,2016,5.772917
Wisconsin,WI,2017,5.795483
Wyoming,WY,1950,0.29
Wyoming,WY,1951,0.291
Wyoming,WY,1952,0.293
Wyoming,WY,1953,0.29
Wyoming,WY,1954,0.293
Wyoming,WY,1955,0.307
Wyoming,WY,1956,0.312
Wyoming,WY,1957,0.314
Wyoming,WY,1958,0.315
Wyoming,WY,1959,0.32
Wyoming,WY,1960,0.331
Wyoming,WY,1961,0.337
Wyoming,WY,1962,0.333
Wyoming,WY,1963,0.336
Wyoming,WY,1964,0.339
Wyoming,WY,1965,0.332
Wyoming,WY,1966,0.323
Wyoming,WY,1967,0.322
Wyoming,WY,1968,0.324
Wyoming,WY,1969,0.329
Wyoming,WY,1970,0.332416
Wyoming,WY,1971,0.340285
Wyoming,WY,1972,0.347345
Wyoming,WY,1973,0.354061
Wyoming,WY,1974,0.365501
Wyoming,WY,1975,0.381695
Wyoming,WY,1976,0.396952
Wyoming,WY,1977,0.413354
Wyoming,WY,1978,0.43288
Wyoming,WY,1979,0.454378
Wyoming,WY,1980,0.474185
Wyoming,WY,1981,0.491712
Wyoming,WY,1982,0.5064
Wyoming,WY,1983,0.510345
Wyoming,WY,1984,0.504896
Wyoming,WY,1985,0.499695
Wyoming,WY,1986,0.495633
Wyoming,WY,1987,0.476965
Wyoming,WY,1988,0.465101
Wyoming,WY,1989,0.458374
Wyoming,WY,1990,0.453401
Wyoming,WY,1991,0.457739
Wyoming,WY,1992,0.463491
Wyoming,WY,1993,0.469033
Wyoming,WY,1994,0.474982
Wyoming,WY,1995,0.478447
Wyoming,WY,1996,0.480085
Wyoming,WY,1997,0.480031
Wyoming,WY,1998,0.480045
Wyoming,WY,1999,0.479602
Wyoming,WY,2000,0.4943
Wyoming,WY,2001,0.494657
Wyoming,WY,2002,0.500017
Wyoming,WY,2003,0.503453
Wyoming,WY,2004,0.509106
Wyoming,WY,2005,0.514157
Wyoming,WY,2006,0.522667
Wyoming,WY,2007,0.534876
Wyoming,WY,2008,0.546043
Wyoming,WY,2009,0.559851
Wyoming,WY,2010,0.564376
Wyoming,WY,2011,0.567602
Wyoming,WY,2012,0.576608
Wyoming,WY,2013,0.582341
Wyoming,WY,2014,0.583334
Wyoming,WY,2015,0.586102
Wyoming,WY,2016,0.58491
Wyoming,WY,2017,0.579315